Country,Year,Life_expectancy_at_birth,Expected_years_of_schooling,Average_of_years_of_schooling,GNI_per_capita_PPP,life_expectancy_index,Education_Index,GNI_Index,HDI_1,HDI_calculated,HDI_3,happiness_score,gdp_per_capita,family,health,freedom,generosity,government_trust,dystopia_residual,continent,social_support,cpi_score
Zimbabwe,2018,61.2,10.45,8.34,2661.07,0.63,0.58,0.5,0.56,0.57,0.56,3.692,0.357,0.0,0.248,0.406,0.132,0.099,0.0,Africa,1.094,22
Zimbabwe,2017,60.812,10.3,8.2,2860.0,0.63,0.57,0.51,0.55,0.57,0.54,3.663,0.366,0.0,0.433,0.361,0.151,0.089,0.0,Africa,1.114,22
Zimbabwe,2016,60.294,10.3,8.2,2570.0,0.62,0.57,0.49,0.55,0.56,0.53,4.61,0.271,1.03276,0.33475,0.25861,0.18987,0.08079,2.44191,Africa,0.0,22
Zimbabwe,2015,59.534,10.3,8.2,2410.0,0.61,0.57,0.48,0.54,0.55,0.53,3.875,0.375846535,1.083095908,0.196763754,0.336384207,0.189143494,0.095375381,1.597970247,Africa,0.0,21
Zambia,2018,63.51,12.06,7.1,3581.89,0.67,0.6,0.54,0.59,0.6,0.59,4.377,0.562,0.0,0.295,0.503,0.221,0.082,0.0,Africa,1.047,35
Zambia,2017,63.043,12.5,7.0,3330.0,0.66,0.61,0.53,0.59,0.6,0.59,4.107,0.578,0.0,0.426,0.431,0.247,0.087,0.0,Africa,1.058,37
Zambia,2016,62.464,12.5,7.0,3330.0,0.65,0.61,0.53,0.58,0.6,0.59,5.129,0.47038,0.91612,0.29924,0.48827,0.19591,0.12468,2.6343,Africa,0.0,38
Zambia,2015,61.737,12.5,6.9,3370.0,0.64,0.61,0.53,0.57,0.59,0.58,4.513999939,0.636406779,1.003187299,0.257835895,0.461603492,0.249580145,0.07821355,1.826705456,Africa,0.0,38
Yemen,2018,66.1,8.66,3.2,1433.3,0.71,0.38,0.4,0.46,0.48,0.46,3.355,0.442,0.0,0.343,0.244,0.083,0.064,0.0,Asia,1.073,14
Yemen,2016,66.087,9.0,3.0,,0.71,0.38,,0.48,,0.46,4.077,0.54649,0.68093,0.40064,0.35571,0.09131,0.07854,1.92313,Asia,0.0,14
Yemen,2017,66.086,9.0,3.0,,0.71,0.38,,0.46,,0.45,3.38,0.287,0.0,0.463,0.143,0.108,0.077,0.0,Asia,1.163,16
Yemen,2015,66.085,9.0,3.0,,0.71,0.38,,0.49,,0.48,3.592999935,0.591683447,0.935382247,0.310080916,0.249463722,0.104125209,0.056767423,1.345600605,Asia,0.0,18
Vietnam,2018,75.32,12.69,8.2,6220.27,0.85,0.65,0.62,0.69,0.7,0.69,5.103,0.715,0.0,0.702,0.618,0.177,0.079,0.0,Asia,1.365,33
Vietnam,2017,75.241,12.7,8.2,6620.0,0.85,0.65,0.63,0.69,0.71,0.69,5.175,0.741,0.0,0.851,0.543,0.147,0.073,0.0,Asia,1.346,35
Vietnam,2016,75.172,12.7,8.1,6300.0,0.85,0.65,0.63,0.68,0.7,0.69,5.36,0.63216,0.91226,0.74676,0.59444,0.1686,0.10441,2.20173,Asia,0.0,33
Vietnam,2015,75.11,12.7,8.0,5790.0,0.85,0.65,0.61,0.68,0.69,0.68,5.073999882,0.788547575,1.277491331,0.652168989,0.571055591,0.234968051,0.087633237,1.462318659,Asia,0.0,31
Venezuela,2015,72.584,14.3,10.1,,0.81,0.76,,0.76,,0.78,5.25,1.128431201,1.431337595,0.617144227,0.153997123,0.06501963,0.064491123,1.789463758,South America,0.0,17
Venezuela,2016,72.405,14.3,10.1,,0.81,0.76,,0.75,,0.77,6.81,1.04424,1.25596,0.72052,0.42908,0.05841,0.11069,3.19131,South America,0.0,17
Venezuela,2017,72.246,14.3,10.3,,0.8,0.76,,0.73,,0.76,4.707,0.96,0.0,0.805,0.154,0.064,0.047,0.0,South America,1.427,18
Venezuela,2018,72.13,12.82,10.32,9069.7,0.8,0.71,0.68,0.73,0.73,0.73,4.806,0.996,0.0,0.657,0.133,0.056,0.052,0.0,South America,1.469,18
Uzbekistan,2018,71.57,12.01,11.52,6461.84,0.79,0.72,0.63,0.71,0.71,0.71,6.096,0.719,0.0,0.605,0.724,0.328,0.259,0.0,Asia,1.584,23
Uzbekistan,2017,71.388,12.0,11.5,6650.0,0.79,0.72,0.63,0.71,0.71,0.71,6.174,0.745,0.0,0.756,0.631,0.322,0.24,0.0,Asia,1.529,22
Uzbekistan,2016,71.171,11.8,11.4,6530.0,0.79,0.71,0.63,0.7,0.71,0.7,6.003,0.63244,1.34043,0.59772,0.65821,0.22837,0.30826,2.23741,Asia,0.0,21
Uzbekistan,2015,70.928,11.7,11.4,6460.0,0.78,0.71,0.63,0.7,0.7,0.7,5.971000195,0.786441088,1.54896915,0.498272628,0.658248663,0.415983647,0.246528223,1.816913605,Asia,0.0,19
Uruguay,2018,77.77,16.34,8.73,19434.85,0.89,0.79,0.8,0.81,0.82,0.81,6.379,1.093,0.0,0.771,0.625,0.13,0.155,0.0,South America,1.459,70
Uruguay,2017,77.632,15.9,8.7,20060.0,0.89,0.77,0.8,0.81,0.82,0.8,6.293,1.124,0.0,0.891,0.523,0.127,0.15,0.0,South America,1.465,70
Uruguay,2016,77.498,15.9,8.7,19650.0,0.88,0.77,0.8,0.81,0.82,0.8,6.485,1.06166,1.2089,0.8116,0.60362,0.2324,0.24558,2.32142,South America,0.0,71
Uruguay,2015,77.369,15.9,8.7,19310.0,0.88,0.77,0.8,0.8,0.82,0.8,6.453999996,1.217559695,1.412227869,0.719216824,0.579392254,0.175096929,0.178061873,2.172409534,South America,0.0,74
United States,2015,78.91,16.5,13.3,58340.0,0.91,0.92,0.96,0.92,0.93,0.92,6.993000031,1.546259284,1.419920564,0.774286628,0.505740523,0.392578781,0.135638788,2.218113422,North America,0.0,76
United States,2016,78.885,16.5,13.4,58970.0,0.91,0.92,0.96,0.92,0.93,0.92,7.119,1.39451,1.24711,0.86179,0.54604,0.40105,0.1589,2.51011,North America,0.0,74
United States,2017,78.861,16.5,13.4,61020.0,0.91,0.92,0.97,0.92,0.93,0.92,6.892,1.433,0.0,0.874,0.454,0.28,0.128,0.0,North America,1.457,75
United States,2018,78.85,16.27,13.41,56140.23,0.91,0.92,0.96,0.92,0.93,0.92,6.886,1.398,0.0,0.819,0.547,0.291,0.133,0.0,North America,1.471,71
United Kingdom,2018,81.24,17.44,12.95,39507.29,0.94,0.94,0.9,0.92,0.93,0.92,7.19,1.244,0.0,0.888,0.464,0.262,0.082,0.0,Europe,1.433,80
United Kingdom,2017,81.168,17.4,12.9,45430.0,0.94,0.94,0.92,0.92,0.93,0.92,7.054,1.333,0.0,0.996,0.45,0.348,0.278,0.0,Europe,1.538,82
United Kingdom,2016,81.111,17.4,12.9,43100.0,0.94,0.94,0.92,0.92,0.93,0.92,6.867,1.26637,1.28548,0.90943,0.59625,0.51912,0.32067,1.96994,Europe,0.0,81
United Kingdom,2015,81.052,17.4,12.8,41550.0,0.94,0.94,0.91,0.92,0.93,0.92,6.714000225,1.44163394,1.49646008,0.805335939,0.508190036,0.492774159,0.265428066,1.704143524,Europe,0.0,81
United Arab Emirates,2018,77.81,13.64,10.95,66911.66,0.89,0.76,0.98,0.87,0.87,0.87,6.774,2.096,0.0,0.67,0.284,0.186,0.312,0.0,Asia,0.776,70
United Arab Emirates,2017,77.647,13.6,10.8,66290.0,0.89,0.75,0.98,0.86,0.87,0.86,6.825,1.503,0.0,0.825,0.598,0.262,0.182,0.0,Asia,1.31,71
United Arab Emirates,2016,77.47,13.6,10.8,63670.0,0.88,0.75,0.98,0.86,0.87,0.86,6.901,1.42727,1.12575,0.80925,0.64157,0.26428,0.38583,2.24743,Asia,0.0,66
United Arab Emirates,2015,77.285,13.8,10.6,64640.0,0.88,0.75,0.98,0.86,0.87,0.86,6.647999763,1.626343369,1.266410232,0.726798236,0.60834527,0.360941947,0.324489564,1.734703541,Asia,0.0,70
Ukraine,2018,71.95,15.07,11.34,7994.21,0.8,0.82,0.66,0.75,0.76,0.75,4.103,0.793,0.0,0.609,0.163,0.187,0.011,0.0,Europe,1.413,32
Ukraine,2017,71.84,15.0,11.3,8460.0,0.8,0.81,0.67,0.75,0.76,0.75,4.332,0.82,0.0,0.739,0.178,0.187,0.01,0.0,Europe,1.39,30
Ukraine,2016,71.711,15.0,11.3,8210.0,0.8,0.81,0.67,0.75,0.76,0.75,4.681,0.79907,1.20278,0.6739,0.25123,0.15275,0.02961,1.5714,Europe,0.0,29
Ukraine,2015,71.535,15.0,11.3,7880.0,0.79,0.81,0.66,0.74,0.75,0.74,4.096000195,0.894651949,1.394537568,0.575903952,0.122974776,0.270061463,0.023029471,0.814382315,Europe,0.0,27
Uganda,2018,62.97,11.24,6.09,1752.21,0.66,0.54,0.43,0.53,0.54,0.53,4.161,0.322,0.0,0.237,0.45,0.259,0.061,0.0,Africa,1.09,26
Uganda,2017,62.516,11.6,6.1,1710.0,0.65,0.56,0.43,0.52,0.54,0.52,4.189,0.332,0.0,0.443,0.356,0.252,0.06,0.0,Africa,1.069,26
Uganda,2016,61.986,11.3,5.7,1690.0,0.65,0.54,0.43,0.52,0.53,0.51,3.931,0.21102,1.13299,0.33861,0.45727,0.29066,0.07267,1.42766,Africa,0.0,25
Uganda,2015,61.373,11.2,5.7,1750.0,0.64,0.53,0.43,0.52,0.53,0.51,4.080999851,0.381430715,1.129827738,0.217632607,0.443185955,0.325766057,0.057069719,1.526362658,Africa,0.0,25
Turkmenistan,2018,68.07,10.89,9.78,16407.47,0.74,0.63,0.77,0.71,0.71,0.71,5.636,1.016,0.0,0.517,0.417,0.199,0.037,0.0,Asia,1.533,20
Turkmenistan,2017,67.956,10.8,9.8,13620.0,0.74,0.63,0.74,0.71,0.7,0.71,5.247,1.052,0.0,0.657,0.394,0.244,0.028,0.0,Asia,1.538,19
Turkmenistan,2016,67.835,10.9,9.8,13500.0,0.74,0.64,0.74,0.71,0.7,0.71,5.548,0.95847,1.22668,0.53886,0.4761,0.16979,0.30844,1.86984,Asia,0.0,22
Turkmenistan,2015,67.704,10.8,9.8,12890.0,0.73,0.63,0.73,0.7,0.7,0.7,5.822000027,1.130776763,1.493149161,0.43772608,0.418271929,0.249924988,0.25927034,1.832909822,Asia,0.0,18
Turkey,2018,77.44,16.44,7.67,24905.38,0.88,0.76,0.83,0.81,0.82,0.81,5.483,1.148,0.0,0.686,0.324,0.106,0.109,0.0,Asia,1.38,41
Turkey,2017,77.161,15.2,8.0,27570.0,0.88,0.73,0.85,0.8,0.82,0.79,5.373,1.183,0.0,0.808,0.195,0.083,0.106,0.0,Asia,1.36,40
Turkey,2016,76.86,15.2,8.0,26050.0,0.87,0.73,0.84,0.8,0.81,0.79,5.332,1.06098,0.94632,0.73172,0.22815,0.12253,0.15746,2.08528,Asia,0.0,41
Turkey,2015,76.532,15.2,7.8,25340.0,0.87,0.72,0.84,0.8,0.81,0.78,5.5,1.198274374,1.337753177,0.637605608,0.3007406,0.046693042,0.09967158,1.879277945,Asia,0.0,42
Tunisia,2018,76.51,15.1,7.17,10676.96,0.87,0.7,0.71,0.74,0.76,0.74,4.592,0.9,0.0,0.69,0.271,0.04,0.063,0.0,Africa,0.906,43
Tunisia,2017,76.31,15.1,7.2,10280.0,0.87,0.7,0.7,0.74,0.75,0.74,4.461,0.921,0.0,0.815,0.167,0.059,0.055,0.0,Africa,1.0,42
Tunisia,2016,76.115,15.1,7.1,10070.0,0.86,0.7,0.7,0.74,0.75,0.73,4.739,0.88113,0.60429,0.73793,0.26268,0.06431,0.06358,2.12466,Africa,0.0,41
Tunisia,2015,75.922,14.9,7.0,9890.0,0.86,0.69,0.69,0.73,0.74,0.73,4.804999828,1.007265806,0.86835146,0.613212049,0.28968069,0.049693357,0.086723149,1.89025116,Africa,0.0,38
Togo,2018,60.76,12.57,4.95,1592.54,0.63,0.56,0.42,0.51,0.53,0.51,3.999,0.259,0.0,0.253,0.434,0.158,0.101,0.0,Africa,0.474,30
Togo,2017,60.489,12.4,4.8,1520.0,0.62,0.55,0.41,0.51,0.52,0.5,4.085,0.275,0.0,0.41,0.293,0.177,0.085,0.0,Africa,0.572,32
Togo,2016,60.22,12.4,4.8,1470.0,0.62,0.55,0.41,0.51,0.52,0.5,2.839,0.20868,0.13995,0.28443,0.36453,0.16681,0.10731,1.56726,Africa,0.0,32
Togo,2015,59.927,12.4,4.7,1440.0,0.61,0.54,0.4,0.5,0.51,0.5,3.494999886,0.305444717,0.43188253,0.247105569,0.380426139,0.196896151,0.095665015,1.837229252,Africa,0.0,32
Thailand,2018,76.93,14.65,7.73,16128.55,0.88,0.7,0.77,0.76,0.78,0.76,6.072,1.016,0.0,0.707,0.637,0.364,0.029,0.0,Asia,1.417,36
Thailand,2017,76.683,14.7,7.6,16610.0,0.87,0.7,0.77,0.76,0.78,0.76,6.008,1.05,0.0,0.828,0.557,0.359,0.028,0.0,Asia,1.409,37
Thailand,2016,76.403,14.3,7.6,15800.0,0.87,0.69,0.76,0.75,0.77,0.75,6.455,0.9669,1.26504,0.7385,0.55664,0.5763,0.03187,2.31945,Asia,0.0,35
Thailand,2015,76.091,13.9,7.6,15010.0,0.86,0.67,0.76,0.75,0.76,0.74,6.423999786,1.127868772,1.425792456,0.647239029,0.580200732,0.57212311,0.031612735,2.039508343,Asia,0.0,38
Tanzania,2018,65.02,8.01,6.01,2805.12,0.69,0.43,0.5,0.53,0.53,0.53,3.303,0.455,0.0,0.381,0.481,0.27,0.097,0.0,Africa,0.991,36
Tanzania,2017,64.479,8.9,5.8,3020.0,0.68,0.46,0.51,0.52,0.54,0.54,3.231,0.476,0.0,0.499,0.417,0.276,0.147,0.0,Africa,0.885,36
Tanzania,2016,63.844,8.9,5.8,2860.0,0.67,0.46,0.51,0.52,0.54,0.53,3.781,0.2852,1.00268,0.38215,0.32878,0.34377,0.05747,1.38079,Africa,0.0,32
Tanzania,2015,63.111,8.9,5.8,2740.0,0.66,0.46,0.5,0.52,0.53,0.53,3.348999977,0.511135876,1.041989803,0.364509284,0.390017778,0.354256362,0.066035107,0.621130466,Africa,0.0,30
Tajikistan,2018,70.88,11.41,10.67,3482.38,0.78,0.68,0.54,0.66,0.66,0.66,5.199,0.474,0.0,0.598,0.292,0.187,0.034,0.0,Asia,1.166,25
Tajikistan,2017,70.647,11.2,10.4,3560.0,0.78,0.66,0.54,0.65,0.65,0.65,5.467,0.493,0.0,0.718,0.389,0.23,0.144,0.0,Asia,1.098,21
Tajikistan,2016,70.397,11.2,10.5,3900.0,0.78,0.67,0.55,0.65,0.66,0.65,4.786,0.39047,0.85563,0.57379,0.47216,0.22974,0.15072,2.11399,Asia,0.0,25
Tajikistan,2015,70.137,11.2,10.5,3590.0,0.77,0.67,0.54,0.64,0.65,0.65,5.040999889,0.524713635,1.271463275,0.529235125,0.471566707,0.248997644,0.146377146,1.84904933,Asia,0.0,26
Switzerland,2018,83.63,16.21,13.38,59374.73,0.98,0.91,0.96,0.95,0.95,0.95,7.487,1.42,0.0,0.927,0.66,0.256,0.357,0.0,Europe,1.549,85
Switzerland,2017,83.473,16.2,13.4,67890.0,0.98,0.91,0.98,0.94,0.96,0.94,7.48,1.452,0.0,1.052,0.572,0.263,0.343,0.0,Europe,1.526,85
Switzerland,2016,83.31,16.2,13.4,66080.0,0.97,0.91,0.98,0.94,0.96,0.94,7.587,1.39651,1.34951,0.94143,0.66557,0.29678,0.41978,2.51738,Europe,0.0,86
Switzerland,2015,83.142,16.2,13.4,65450.0,0.97,0.91,0.98,0.94,0.95,0.94,7.493999958,1.564979553,1.516911745,0.858131289,0.620070577,0.290549278,0.367007285,2.276716232,Europe,0.0,86
Sweden,2018,82.65,18.83,12.43,47955.45,0.96,0.97,0.93,0.94,0.96,0.94,7.314,1.355,0.0,0.913,0.659,0.285,0.383,0.0,Europe,1.501,85
Sweden,2017,82.516,17.6,12.4,53490.0,0.96,0.93,0.95,0.94,0.95,0.93,7.343,1.387,0.0,1.009,0.574,0.267,0.373,0.0,Europe,1.487,84
Sweden,2016,82.382,17.6,12.4,50780.0,0.96,0.93,0.94,0.93,0.94,0.93,7.364,1.33171,1.28907,0.91087,0.6598,0.36262,0.43844,2.37119,Europe,0.0,88
Sweden,2015,82.251,17.6,12.4,49420.0,0.96,0.93,0.94,0.93,0.94,0.93,7.28399992,1.494387269,1.478162169,0.830875158,0.612924099,0.385399252,0.384398729,2.097537994,Europe,0.0,89
Sri Lanka,2018,76.81,13.97,11.05,11610.91,0.87,0.77,0.72,0.78,0.79,0.78,4.471,0.918,0.0,0.672,0.585,0.307,0.05,0.0,Asia,1.314,38
Sri Lanka,2017,76.648,13.9,10.9,12340.0,0.87,0.77,0.73,0.78,0.79,0.77,4.366,0.949,0.0,0.831,0.47,0.244,0.047,0.0,Asia,1.265,38
Sri Lanka,2016,76.482,13.9,10.9,11900.0,0.87,0.77,0.72,0.77,0.78,0.77,4.271,0.83524,1.01905,0.70806,0.53726,0.40828,0.09179,0.67108,Asia,0.0,36
Sri Lanka,2015,76.316,13.9,10.9,11270.0,0.87,0.77,0.71,0.77,0.78,0.77,4.440000057,1.009850144,1.259976387,0.625130832,0.561213255,0.490863562,0.073653966,0.419389248,Asia,0.0,37
Spain,2018,83.43,17.88,9.82,35041.3,0.98,0.87,0.89,0.89,0.91,0.89,6.31,1.251,0.0,0.965,0.449,0.142,0.074,0.0,Europe,1.538,58
Spain,2017,83.294,17.9,9.8,39570.0,0.97,0.87,0.9,0.89,0.91,0.89,6.354,1.286,0.0,1.062,0.362,0.153,0.079,0.0,Europe,1.484,57
Spain,2016,83.145,17.9,9.8,37370.0,0.97,0.87,0.89,0.89,0.91,0.89,6.329,1.23011,1.31379,0.95562,0.45951,0.18227,0.06398,2.12367,Europe,0.0,58
Spain,2015,82.981,17.8,9.7,34900.0,0.97,0.86,0.88,0.88,0.9,0.89,6.402999878,1.384397864,1.532090902,0.8889606,0.40878123,0.190133572,0.070914097,1.92775774,Europe,0.0,58
South Africa,2018,63.86,13.67,10.24,11756.3,0.67,0.74,0.72,0.7,0.71,0.7,4.724,0.94,0.0,0.33,0.516,0.103,0.056,0.0,Africa,1.41,43
South Africa,2017,63.538,13.3,10.1,12320.0,0.67,0.72,0.73,0.7,0.71,0.7,4.722,0.96,0.0,0.469,0.389,0.13,0.055,0.0,Africa,1.351,43
South Africa,2016,63.153,13.3,10.1,12240.0,0.66,0.72,0.73,0.7,0.7,0.7,4.642,0.92049,1.18468,0.27688,0.33207,0.11973,0.08884,1.71956,Africa,0.0,45
South Africa,2015,62.649,13.3,10.1,12240.0,0.66,0.72,0.73,0.7,0.7,0.69,4.828999996,1.054698706,1.384788632,0.18708007,0.479246736,0.13936238,0.072509497,1.510908604,Africa,0.0,44
Slovenia,2018,81.17,17.42,12.27,32143.04,0.94,0.92,0.87,0.9,0.91,0.9,5.948,1.219,0.0,0.856,0.633,0.16,0.051,0.0,Europe,1.506,60
Slovenia,2017,81.016,17.2,12.2,35990.0,0.94,0.91,0.89,0.9,0.91,0.9,6.118,1.258,0.0,0.953,0.564,0.144,0.057,0.0,Europe,1.523,61
Slovenia,2016,80.852,17.2,12.3,33010.0,0.94,0.92,0.88,0.89,0.91,0.89,5.848,1.18498,1.27385,0.87337,0.60855,0.25328,0.03787,1.61583,Europe,0.0,61
Slovenia,2015,80.673,17.2,12.0,30660.0,0.93,0.91,0.86,0.89,0.9,0.89,5.757999897,1.341205955,1.452518821,0.790828228,0.572575808,0.242649093,0.045128979,1.313317299,Europe,0.0,60
Slovakia,2018,77.39,14.53,12.61,30671.87,0.88,0.83,0.86,0.86,0.86,0.86,6.173,1.21,0.0,0.776,0.354,0.118,0.014,0.0,Europe,1.537,50
Slovakia,2017,77.219,15.0,12.5,30410.0,0.88,0.85,0.86,0.85,0.86,0.86,6.198,1.246,0.0,0.881,0.334,0.121,0.014,0.0,Europe,1.504,50
Slovakia,2016,77.034,15.0,12.5,29160.0,0.88,0.85,0.86,0.85,0.86,0.85,5.995,1.16891,1.26999,0.78902,0.31751,0.16893,0.03431,2.24639,Europe,0.0,51
Slovakia,2015,76.827,15.0,12.5,28950.0,0.87,0.85,0.86,0.85,0.86,0.85,6.09800005,1.325393558,1.505059242,0.712732911,0.295817465,0.136544481,0.024210852,2.097776651,Europe,0.0,51
Singapore,2018,83.46,16.33,11.5,83792.67,0.98,0.86,1.02,0.93,0.95,0.93,6.343,1.529,0.0,1.008,0.631,0.261,0.457,0.0,Asia,1.451,85
Singapore,2017,83.279,16.2,11.5,87440.0,0.97,0.86,1.02,0.93,0.95,0.93,6.262,1.572,0.0,1.141,0.556,0.271,0.453,0.0,Asia,1.463,84
Singapore,2016,83.083,16.1,11.5,83020.0,0.97,0.86,1.02,0.93,0.94,0.93,6.798,1.52186,1.02,1.02525,0.54252,0.31105,0.4921,1.88501,Asia,0.0,84
Singapore,2015,82.877,16.1,11.5,81040.0,0.97,0.86,1.01,0.93,0.94,0.93,6.572000027,1.69227767,1.353814363,0.949492395,0.549840569,0.345965981,0.464307785,1.216362,Asia,0.0,85
Sierra Leone,2018,54.31,10.18,3.6,1381.3,0.53,0.44,0.4,0.44,0.45,0.44,4.571,0.256,0.0,0.0,0.355,0.238,0.053,0.0,Africa,0.813,30
Sierra Leone,2017,53.895,9.8,3.5,1590.0,0.52,0.42,0.42,0.43,0.45,0.42,4.374,0.268,0.0,0.242,0.309,0.252,0.045,0.0,Africa,0.841,30
Sierra Leone,2016,53.444,9.7,3.4,1420.0,0.51,0.42,0.4,0.42,0.44,0.41,4.507,0.33024,0.95571,0.0,0.4084,0.21488,0.08786,2.51009,Africa,0.0,30
Sierra Leone,2015,52.941,9.5,3.4,1570.0,0.51,0.41,0.42,0.42,0.44,0.41,4.709000111,0.368420929,0.984136045,0.005564754,0.318697691,0.293040901,0.071095176,2.668459892,Africa,0.0,29
Serbia,2018,75.85,14.77,11.18,15217.7,0.86,0.8,0.76,0.8,0.81,0.8,5.398,0.975,0.0,0.685,0.288,0.134,0.043,0.0,Europe,1.369,39
Serbia,2017,75.684,14.6,11.1,15510.0,0.86,0.8,0.76,0.79,0.8,0.79,5.603,1.004,0.0,0.854,0.282,0.137,0.039,0.0,Europe,1.383,41
Serbia,2016,75.505,14.6,11.1,14960.0,0.85,0.8,0.76,0.79,0.8,0.79,5.123,0.92053,1.00964,0.74836,0.20107,0.19231,0.02617,2.025,Europe,0.0,42
Serbia,2015,75.309,14.4,11.0,14230.0,0.85,0.79,0.75,0.79,0.79,0.78,5.394999981,1.069317579,1.258189797,0.650784671,0.208715528,0.220125884,0.040903781,1.947084427,Europe,0.0,40
Senegal,2018,67.67,8.97,3.07,3255.99,0.73,0.38,0.53,0.51,0.53,0.51,4.631,0.429,0.0,0.433,0.406,0.138,0.082,0.0,Africa,1.117,45
Senegal,2017,67.38,9.7,3.0,3140.0,0.73,0.41,0.52,0.51,0.54,0.51,4.681,0.45,0.0,0.571,0.292,0.153,0.072,0.0,Africa,1.134,45
Senegal,2016,67.078,9.5,2.9,3000.0,0.72,0.4,0.51,0.51,0.53,0.5,3.904,0.36498,0.97619,0.4354,0.36772,0.20843,0.10713,1.44395,Africa,0.0,45
Senegal,2015,66.747,9.3,2.9,2910.0,0.72,0.39,0.51,0.5,0.52,0.49,4.534999847,0.479309022,1.179691911,0.409362853,0.377922267,0.183468893,0.115460448,1.789646149,Africa,0.0,44
Saudi Arabia,2018,75.0,16.98,9.67,49338.41,0.85,0.83,0.94,0.86,0.87,0.86,6.371,1.379,0.0,0.633,0.509,0.098,0.127,0.0,Asia,1.331,49
Saudi Arabia,2017,74.874,16.9,9.5,48040.0,0.84,0.83,0.93,0.86,0.87,0.85,6.375,1.403,0.0,0.795,0.439,0.08,0.132,0.0,Asia,1.357,49
Saudi Arabia,2016,74.761,16.9,9.5,46110.0,0.84,0.83,0.93,0.86,0.86,0.85,6.411,1.39541,1.08393,0.72025,0.31048,0.13706,0.32524,2.43872,Asia,0.0,46
Saudi Arabia,2015,74.651,16.9,9.5,49450.0,0.84,0.83,0.94,0.86,0.87,0.85,6.343999863,1.530623555,1.286677599,0.59014833,0.449750572,0.147616014,0.273432255,2.065429688,Asia,0.0,52
Rwanda,2018,68.7,11.17,4.42,1958.61,0.75,0.49,0.45,0.54,0.55,0.54,3.408,0.332,0.0,0.4,0.636,0.2,0.444,0.0,Africa,0.896,56
Rwanda,2017,68.341,11.2,4.1,1910.0,0.74,0.49,0.45,0.53,0.54,0.52,3.334,0.359,0.0,0.614,0.555,0.217,0.411,0.0,Africa,0.711,55
Rwanda,2016,67.93,11.2,4.1,1790.0,0.74,0.49,0.44,0.52,0.54,0.52,3.465,0.22208,0.7737,0.42864,0.59201,0.22628,0.55191,0.67042,Africa,0.0,54
Rwanda,2015,67.45,10.8,4.0,1710.0,0.73,0.47,0.43,0.51,0.53,0.51,3.470999956,0.368745893,0.945707023,0.326424807,0.581843853,0.252756029,0.455220014,0.540061235,Africa,0.0,54
Russia,2018,72.39,15.54,12.02,25036.02,0.81,0.85,0.83,0.82,0.83,0.82,5.81,1.151,0.0,0.599,0.399,0.065,0.025,0.0,Europe,1.479,28
Russia,2017,72.139,15.5,12.0,25380.0,0.8,0.85,0.84,0.82,0.83,0.82,5.648,1.183,0.0,0.726,0.334,0.082,0.031,0.0,Europe,1.452,29
Russia,2016,71.835,15.5,12.0,23570.0,0.8,0.85,0.83,0.82,0.82,0.82,5.716,1.13764,1.23617,0.66926,0.36679,0.00199,0.03005,2.27394,Europe,0.0,29
Russia,2015,71.464,15.4,12.0,23420.0,0.79,0.85,0.82,0.81,0.82,0.81,5.962999821,1.281778097,1.469282389,0.547349334,0.373783112,0.052263822,0.032962881,2.205607414,Europe,0.0,29
Romania,2018,75.92,14.26,10.98,23905.77,0.86,0.78,0.83,0.82,0.82,0.82,5.945,1.116,0.0,0.726,0.528,0.088,0.001,0.0,Europe,1.219,47
Romania,2017,75.79,14.3,11.0,26620.0,0.86,0.78,0.84,0.81,0.83,0.81,6.07,1.162,0.0,0.825,0.462,0.083,0.005,0.0,Europe,1.232,48
Romania,2016,75.644,14.3,11.0,23680.0,0.86,0.78,0.83,0.81,0.82,0.81,5.124,1.04345,0.88588,0.7689,0.35068,0.13748,0.00649,1.93129,Europe,0.0,48
Romania,2015,75.476,14.5,10.9,21130.0,0.85,0.79,0.81,0.81,0.82,0.81,5.824999809,1.217683911,1.15009129,0.685158312,0.457003742,0.133519918,0.004387901,2.176831484,Europe,0.0,46
Portugal,2018,81.86,16.3,9.19,27935.38,0.95,0.8,0.85,0.85,0.86,0.85,5.41,1.188,0.0,0.884,0.562,0.055,0.017,0.0,Europe,1.429,64
Portugal,2017,81.655,16.3,9.2,32310.0,0.95,0.8,0.87,0.85,0.87,0.85,5.693,1.221,0.0,0.999,0.508,0.047,0.025,0.0,Europe,1.431,63
Portugal,2016,81.444,16.3,9.2,30840.0,0.95,0.8,0.87,0.85,0.87,0.85,5.102,1.15991,1.13935,0.87519,0.51469,0.13719,0.01078,1.26462,Europe,0.0,62
Portugal,2015,81.224,16.4,9.1,28870.0,0.94,0.8,0.86,0.84,0.86,0.84,5.195000172,1.315175295,1.367043018,0.795843542,0.4984653,0.095102713,0.015869452,1.107682705,Europe,0.0,64
Poland,2018,78.54,16.43,12.29,27625.8,0.9,0.89,0.85,0.87,0.88,0.87,6.123,1.176,0.0,0.781,0.546,0.108,0.064,0.0,Europe,1.448,60
Poland,2017,78.338,16.4,12.3,28900.0,0.9,0.89,0.86,0.87,0.88,0.87,6.182,1.206,0.0,0.884,0.483,0.117,0.05,0.0,Europe,1.438,60
Poland,2016,78.11,16.4,12.2,27170.0,0.89,0.89,0.85,0.86,0.88,0.86,5.791,1.12555,1.27948,0.77903,0.53122,0.16759,0.04212,1.86565,Europe,0.0,62
Poland,2015,77.859,16.1,12.1,25880.0,0.89,0.87,0.84,0.86,0.87,0.86,5.97300005,1.291787863,1.44571197,0.699475348,0.520342112,0.158465967,0.059307806,1.797722816,Europe,0.0,63
Philippines,2018,71.1,12.72,9.39,9539.7,0.79,0.69,0.69,0.71,0.72,0.71,5.524,0.775,0.0,0.513,0.643,0.12,0.105,0.0,Asia,1.312,36
Philippines,2017,70.952,12.6,9.3,9320.0,0.78,0.68,0.68,0.71,0.71,0.7,5.631,0.807,0.0,0.657,0.558,0.117,0.107,0.0,Asia,1.293,34
Philippines,2016,70.802,12.6,9.3,8870.0,0.78,0.68,0.68,0.7,0.71,0.7,5.073,0.70532,1.03516,0.58114,0.62545,0.24991,0.12279,1.7536,Asia,0.0,35
Philippines,2015,70.644,12.6,9.3,8310.0,0.78,0.68,0.67,0.7,0.71,0.69,5.429999828,0.857699215,1.253917575,0.468009055,0.585214674,0.193513423,0.099331893,1.972604752,Asia,0.0,35
Peru,2018,76.52,13.85,9.22,12322.66,0.87,0.72,0.73,0.76,0.77,0.76,5.663,0.934,0.0,0.674,0.53,0.092,0.034,0.0,South America,1.249,35
Peru,2017,76.286,13.8,9.2,11930.0,0.87,0.72,0.72,0.76,0.76,0.75,5.697,0.96,0.0,0.854,0.455,0.083,0.027,0.0,South America,1.274,37
Peru,2016,76.044,13.8,9.2,11510.0,0.86,0.72,0.72,0.75,0.76,0.75,5.824,0.90019,0.97459,0.73017,0.41496,0.14982,0.05989,2.5945,South America,0.0,35
Peru,2015,75.792,13.8,9.1,11180.0,0.86,0.71,0.71,0.75,0.76,0.75,5.715000153,1.035225272,1.218770385,0.630166113,0.450002879,0.126819715,0.047049087,2.20726943,South America,0.0,36
Paraguay,2018,74.13,12.69,8.45,11719.96,0.83,0.66,0.72,0.72,0.73,0.72,5.681,0.835,0.0,0.615,0.541,0.162,0.074,0.0,South America,1.522,29
Paraguay,2017,73.992,12.7,8.4,12210.0,0.83,0.66,0.73,0.72,0.73,0.7,5.743,0.855,0.0,0.777,0.514,0.184,0.08,0.0,South America,1.475,29
Paraguay,2016,73.836,12.7,8.4,11540.0,0.83,0.66,0.72,0.72,0.73,0.7,5.878,0.75985,1.30477,0.66098,0.53899,0.3424,0.08242,2.18896,South America,0.0,30
Paraguay,2015,73.662,12.7,8.5,11040.0,0.83,0.66,0.71,0.72,0.73,0.7,5.493000031,0.932537317,1.50728488,0.579250693,0.473507792,0.224150658,0.091065913,1.68533349,South America,0.0,27
Panama,2018,78.33,12.88,10.17,20454.87,0.9,0.71,0.8,0.8,0.8,0.8,6.43,1.112,0.0,0.759,0.597,0.125,0.063,0.0,South America,1.438,37
Panama,2017,78.149,12.7,10.2,27640.0,0.89,0.71,0.85,0.79,0.81,0.79,6.321,1.149,0.0,0.91,0.516,0.109,0.054,0.0,South America,1.442,37
Panama,2016,77.964,12.7,10.0,25080.0,0.89,0.7,0.83,0.79,0.81,0.79,6.786,1.06353,1.1985,0.79661,0.5421,0.24434,0.0927,2.84848,South America,0.0,38
Panama,2015,77.776,12.7,9.9,22810.0,0.89,0.7,0.82,0.78,0.8,0.78,6.452000141,1.233748436,1.373192549,0.706156135,0.550026834,0.210556939,0.070983924,2.307199955,South America,0.0,39
Pakistan,2018,67.11,8.46,5.16,5190.08,0.72,0.43,0.6,0.56,0.57,0.56,5.472,0.652,0.0,0.424,0.334,0.216,0.113,0.0,Asia,0.81,33
Pakistan,2017,66.947,8.6,5.2,4820.0,0.72,0.43,0.59,0.56,0.57,0.56,5.653,0.677,0.0,0.535,0.313,0.22,0.098,0.0,Asia,0.886,32
Pakistan,2016,66.77,8.6,5.2,4680.0,0.72,0.43,0.58,0.56,0.56,0.56,5.194,0.59543,0.41411,0.51466,0.12102,0.33671,0.10464,3.10709,Asia,0.0,32
Pakistan,2015,66.577,8.2,5.1,4640.0,0.72,0.42,0.58,0.55,0.56,0.55,5.269000053,0.726883531,0.67269069,0.402047783,0.235215262,0.315446019,0.124348067,2.79248929,Asia,0.0,30
Norway,2018,82.27,18.06,12.57,68058.62,0.96,0.95,0.99,0.95,0.96,0.95,7.594,1.456,0.0,0.861,0.686,0.286,0.34,0.0,Europe,1.582,84
Norway,2017,82.146,17.9,12.6,65730.0,0.96,0.95,0.98,0.95,0.96,0.95,7.554,1.488,0.0,1.028,0.603,0.271,0.341,0.0,Europe,1.582,85
Norway,2016,82.029,17.9,12.6,61840.0,0.95,0.95,0.97,0.95,0.96,0.95,7.522,1.459,1.33095,0.88521,0.66973,0.34699,0.36503,2.46531,Europe,0.0,85
Norway,2015,81.912,17.7,12.5,63030.0,0.95,0.94,0.97,0.95,0.95,0.95,7.537000179,1.616463184,1.53352356,0.796666503,0.635422587,0.362012237,0.315963835,2.277026653,Europe,0.0,88
Nigeria,2018,54.33,9.75,6.46,5085.54,0.53,0.5,0.59,0.53,0.54,0.53,5.155,0.689,0.0,0.048,0.462,0.201,0.032,0.0,Africa,1.172,27
Nigeria,2017,53.95,10.0,6.2,5030.0,0.52,0.51,0.59,0.53,0.54,0.53,5.265,0.696,0.0,0.245,0.426,0.215,0.041,0.0,Africa,1.111,27
Nigeria,2016,53.541,10.0,6.2,5120.0,0.52,0.51,0.59,0.53,0.54,0.53,5.268,0.65435,0.90432,0.16007,0.34334,0.27233,0.0403,2.89319,Africa,0.0,28
Nigeria,2015,53.112,10.0,6.0,5280.0,0.51,0.5,0.6,0.53,0.53,0.53,5.073999882,0.783756256,1.215770483,0.05691573,0.394952565,0.230947196,0.026121566,2.365390539,Africa,0.0,26
Niger,2018,62.02,6.47,2.03,912.04,0.65,0.27,0.33,0.38,0.39,0.38,4.166,0.131,0.0,0.221,0.39,0.175,0.099,0.0,Africa,0.867,34
Niger,2017,61.599,5.4,2.0,830.0,0.64,0.24,0.32,0.37,0.36,0.35,4.628,0.138,0.0,0.366,0.318,0.188,0.102,0.0,Africa,0.774,33
Niger,2016,61.137,5.4,1.9,820.0,0.63,0.23,0.32,0.37,0.36,0.35,3.845,0.0694,0.77265,0.29707,0.47692,0.19387,0.15639,1.87877,Africa,0.0,35
Niger,2015,60.631,5.3,1.8,840.0,0.63,0.23,0.32,0.36,0.36,0.35,4.027999878,0.161925331,0.993025005,0.268505007,0.363658696,0.228673846,0.138572946,1.873983383,Africa,0.0,34
Nicaragua,2018,74.28,12.21,6.8,4789.84,0.84,0.6,0.58,0.65,0.66,0.65,6.141,0.668,0.0,0.7,0.527,0.208,0.128,0.0,South America,1.319,25
Nicaragua,2017,74.068,12.1,6.7,5850.0,0.83,0.59,0.61,0.65,0.67,0.66,6.105,0.694,0.0,0.835,0.435,0.2,0.127,0.0,South America,1.325,26
Nicaragua,2016,73.86,12.1,6.7,5540.0,0.83,0.59,0.61,0.65,0.67,0.66,5.828,0.59325,1.14184,0.74314,0.55475,0.27815,0.19317,2.32407,South America,0.0,26
Nicaragua,2015,73.649,12.1,6.5,5150.0,0.83,0.58,0.6,0.64,0.66,0.65,6.071000099,0.737299204,1.28721571,0.653095961,0.447551847,0.301674217,0.130687982,2.513930559,South America,0.0,27
New Zealand,2018,82.15,18.84,12.68,35107.5,0.96,0.98,0.89,0.92,0.94,0.92,7.324,1.268,0.0,0.876,0.669,0.365,0.389,0.0,Australia,1.601,87
New Zealand,2017,82.002,18.9,12.5,39330.0,0.95,0.98,0.9,0.92,0.94,0.92,7.307,1.303,0.0,1.026,0.585,0.33,0.38,0.0,Australia,1.557,89
New Zealand,2016,81.859,18.9,12.5,38630.0,0.95,0.98,0.9,0.92,0.94,0.92,7.286,1.25018,1.31967,0.90837,0.63938,0.47501,0.42922,2.26425,Australia,0.0,90
New Zealand,2015,81.713,18.9,12.4,36210.0,0.95,0.97,0.89,0.91,0.94,0.91,7.31400013,1.405706048,1.548195124,0.816759706,0.61406213,0.500005126,0.382816702,2.046456337,Australia,0.0,91
Netherlands,2018,82.14,18.04,12.19,50012.59,0.96,0.94,0.94,0.93,0.94,0.93,7.441,1.361,0.0,0.878,0.638,0.333,0.295,0.0,Europe,1.488,82
Netherlands,2017,82.004,18.0,12.2,55770.0,0.95,0.94,0.96,0.93,0.95,0.93,7.488,1.396,0.0,0.999,0.557,0.322,0.298,0.0,Europe,1.522,82
Netherlands,2016,81.862,18.0,12.1,51510.0,0.95,0.94,0.94,0.93,0.94,0.93,7.378,1.32944,1.28017,0.89284,0.61576,0.4761,0.31814,2.4657,Europe,0.0,83
Netherlands,2015,81.715,18.1,12.1,50340.0,0.95,0.94,0.94,0.93,0.94,0.93,7.376999855,1.503944635,1.428939223,0.810696125,0.585384488,0.47048983,0.282661825,2.294804096,Europe,0.0,84
Nepal,2018,70.48,12.2,4.86,2748.2,0.78,0.54,0.5,0.58,0.59,0.58,4.88,0.425,0.0,0.539,0.526,0.302,0.078,0.0,Asia,1.228,31
Nepal,2017,70.169,12.2,4.9,3140.0,0.77,0.54,0.52,0.57,0.6,0.57,4.913,0.446,0.0,0.677,0.439,0.285,0.089,0.0,Asia,1.226,31
Nepal,2016,69.848,12.2,4.9,2620.0,0.77,0.54,0.49,0.57,0.59,0.57,4.514,0.35997,0.86449,0.56874,0.38282,0.32296,0.05907,1.95637,Asia,0.0,29
Nepal,2015,69.515,12.2,4.7,2680.0,0.76,0.54,0.5,0.57,0.59,0.57,4.961999893,0.479820192,1.179283261,0.504130781,0.440305948,0.394096166,0.072975546,1.891241074,Asia,0.0,27
Myanmar,2018,66.87,10.32,4.95,5763.94,0.72,0.48,0.61,0.58,0.6,0.58,4.308,0.682,0.0,0.429,0.58,0.598,0.178,0.0,Asia,1.174,29
Myanmar,2017,66.558,10.0,4.9,4480.0,0.72,0.47,0.57,0.58,0.58,0.58,4.36,0.71,0.0,0.555,0.525,0.566,0.172,0.0,Asia,1.181,30
Myanmar,2016,66.205,10.0,4.9,4220.0,0.71,0.47,0.57,0.57,0.57,0.57,4.307,0.27108,0.70905,0.48246,0.44017,0.79588,0.19034,1.41805,Asia,0.0,28
Myanmar,2015,65.81,9.9,4.9,4180.0,0.7,0.47,0.56,0.56,0.57,0.57,4.545000076,0.36711055,1.123235941,0.397522569,0.514492035,0.838075161,0.188816205,1.115290403,Asia,0.0,22
Morocco,2018,76.45,13.07,5.51,7479.59,0.87,0.59,0.65,0.68,0.69,0.68,5.254,0.779,0.0,0.669,0.46,0.026,0.074,0.0,Africa,0.797,43
Morocco,2017,76.218,12.4,5.5,8110.0,0.86,0.57,0.66,0.67,0.69,0.67,5.208,0.801,0.0,0.782,0.418,0.036,0.076,0.0,Africa,0.782,40
Morocco,2016,75.974,12.4,5.4,7730.0,0.86,0.56,0.66,0.67,0.68,0.66,5.013,0.73479,0.64095,0.60954,0.41691,0.07172,0.08546,2.45373,Africa,0.0,37
Morocco,2015,75.726,12.3,5.0,7670.0,0.86,0.55,0.66,0.66,0.68,0.66,5.235000134,0.878114581,0.774864435,0.597710669,0.408158332,0.032209955,0.087763183,2.456189394,Africa,0.0,36
Montenegro,2018,76.77,15.03,11.39,17510.71,0.87,0.82,0.78,0.82,0.82,0.82,5.347,1.017,0.0,0.729,0.259,0.111,0.081,0.0,Europe,1.279,45
Montenegro,2017,76.667,14.9,11.3,20110.0,0.87,0.81,0.8,0.81,0.83,0.81,5.523,1.051,0.0,0.871,0.197,0.142,0.08,0.0,Europe,1.361,46
Montenegro,2016,76.568,14.9,11.3,18360.0,0.87,0.81,0.79,0.81,0.82,0.81,5.192,0.97438,0.90557,0.72521,0.1826,0.1614,0.14296,2.10017,Europe,0.0,45
Montenegro,2015,76.452,14.9,11.3,16700.0,0.87,0.81,0.77,0.81,0.82,0.81,5.236999989,1.121129036,1.238376498,0.667464674,0.194989055,0.197911024,0.088174194,1.729191542,Europe,0.0,44
Mongolia,2018,69.69,14.21,10.17,10783.71,0.76,0.76,0.71,0.73,0.74,0.73,5.125,0.914,0.0,0.575,0.395,0.253,0.032,0.0,Asia,1.517,37
Mongolia,2017,69.509,15.5,10.1,9720.0,0.76,0.8,0.69,0.73,0.75,0.74,5.285,0.948,0.0,0.667,0.317,0.235,0.038,0.0,Asia,1.531,36
Mongolia,2016,69.321,15.5,10.1,9860.0,0.76,0.8,0.69,0.73,0.75,0.74,4.874,0.82819,1.3006,0.60268,0.43626,0.3323,0.02666,1.34759,Asia,0.0,38
Mongolia,2015,69.111,15.0,10.1,9880.0,0.76,0.78,0.69,0.74,0.74,0.74,4.954999924,1.027235866,1.493011236,0.557783484,0.394143969,0.33846423,0.032902289,1.111292362,Asia,0.0,39
Moldova,2018,71.81,11.61,11.56,6833.11,0.8,0.71,0.64,0.71,0.71,0.71,5.64,0.657,0.0,0.62,0.232,0.171,0.0,0.0,Europe,1.301,33
Moldova,2017,71.717,11.6,11.6,12320.0,0.8,0.71,0.73,0.71,0.74,0.7,5.529,0.685,0.0,0.739,0.245,0.181,0.0,0.0,Europe,1.328,31
Moldova,2016,71.617,11.6,11.6,13060.0,0.79,0.71,0.74,0.71,0.75,0.7,5.889,0.59448,1.01528,0.61826,0.32818,0.20951,0.01615,3.10712,Europe,0.0,30
Moldova,2015,71.478,11.6,11.6,11290.0,0.79,0.71,0.71,0.7,0.74,0.69,5.837999821,0.72887063,1.251825571,0.589465201,0.240729049,0.208779126,0.010091286,2.807808399,Europe,0.0,33
Mexico,2018,74.99,14.3,8.6,17628.12,0.85,0.72,0.78,0.77,0.78,0.77,6.488,1.038,0.0,0.761,0.479,0.069,0.095,0.0,North America,1.252,28
Mexico,2017,74.947,14.1,8.6,19300.0,0.85,0.71,0.79,0.76,0.78,0.77,6.595,1.07,0.0,0.861,0.433,0.074,0.073,0.0,North America,1.323,29
Mexico,2016,74.917,14.1,8.6,18810.0,0.84,0.71,0.79,0.76,0.78,0.77,7.187,1.02054,0.91451,0.81444,0.48181,0.14074,0.21312,3.60214,North America,0.0,30
Mexico,2015,74.904,13.7,8.6,17830.0,0.84,0.7,0.78,0.76,0.77,0.77,6.578000069,1.153183818,1.21086216,0.709978998,0.412730008,0.120990433,0.132774115,2.837154865,North America,0.0,31
Mauritius,2018,74.86,14.97,9.43,22724.23,0.84,0.76,0.82,0.8,0.81,0.8,5.891,1.09,0.0,0.684,0.584,0.245,0.05,0.0,Africa,1.387,51
Mauritius,2017,74.743,15.1,9.3,23560.0,0.84,0.76,0.83,0.79,0.81,0.79,5.888,1.12,0.0,0.798,0.498,0.215,0.06,0.0,Africa,1.402,50
Mauritius,2016,74.626,15.1,9.3,22390.0,0.84,0.76,0.82,0.79,0.81,0.79,5.477,1.00761,0.98521,0.7095,0.56066,0.37744,0.07521,1.76145,Africa,0.0,54
Mauritius,2015,74.5,15.1,9.1,20860.0,0.84,0.76,0.81,0.79,0.8,0.78,5.629000187,1.189395547,1.20956099,0.638007462,0.491247326,0.360933751,0.042181555,1.697583914,Africa,0.0,53
Mauritania,2018,64.7,8.47,4.61,3746.08,0.69,0.41,0.55,0.53,0.54,0.53,4.356,0.557,0.0,0.292,0.129,0.134,0.093,0.0,Africa,1.245,27
Mauritania,2017,64.464,8.6,4.5,3610.0,0.68,0.41,0.54,0.52,0.53,0.52,4.49,0.57,0.0,0.489,0.066,0.106,0.088,0.0,Africa,1.167,28
Mauritania,2016,64.208,8.6,4.4,3350.0,0.68,0.41,0.53,0.52,0.53,0.52,4.436,0.45407,0.86908,0.35874,0.24232,0.219,0.17461,2.11773,Africa,0.0,27
Mauritania,2015,63.936,8.6,4.3,3160.0,0.68,0.41,0.52,0.52,0.52,0.51,4.291999817,0.648457289,1.27203083,0.28534928,0.096098043,0.201870024,0.136957005,1.651637316,Africa,0.0,31
Malta,2018,82.38,15.9,11.29,34795.18,0.96,0.84,0.88,0.89,0.89,0.89,6.627,1.27,0.0,0.884,0.645,0.376,0.142,0.0,Europe,1.525,54
Malta,2017,82.221,15.9,11.3,38370.0,0.96,0.84,0.9,0.88,0.9,0.88,6.726,1.3,0.0,0.999,0.564,0.375,0.151,0.0,Europe,1.52,56
Malta,2016,82.063,15.9,11.3,35720.0,0.95,0.84,0.89,0.88,0.89,0.88,6.302,1.2074,1.30203,0.88721,0.60365,0.51752,0.13586,1.6488,Europe,0.0,55
Malta,2015,81.896,15.7,11.2,34280.0,0.95,0.83,0.88,0.88,0.89,0.87,6.52699995,1.343279839,1.488411665,0.821944237,0.588767052,0.574730575,0.153066069,1.556862831,Europe,0.0,60
Mali,2018,58.89,7.6,2.35,1965.39,0.6,0.32,0.45,0.43,0.44,0.43,4.447,0.37,0.0,0.152,0.367,0.139,0.056,0.0,Africa,1.233,32
Mali,2017,58.452,7.7,2.3,2180.0,0.59,0.32,0.47,0.43,0.45,0.43,4.39,0.385,0.0,0.308,0.327,0.153,0.052,0.0,Africa,1.105,31
Mali,2016,57.987,7.5,2.3,2130.0,0.58,0.31,0.46,0.42,0.44,0.42,3.995,0.26074,1.03526,0.20583,0.38857,0.18798,0.12352,1.79293,Africa,0.0,32
Mali,2015,57.509,7.5,2.3,1990.0,0.58,0.31,0.45,0.41,0.43,0.42,4.190000057,0.476180494,1.281473398,0.169365674,0.306613743,0.183354199,0.104970247,1.668190956,Africa,0.0,35
Malaysia,2018,76.0,13.47,10.16,27226.68,0.86,0.73,0.85,0.8,0.81,0.8,6.322,1.161,0.0,0.669,0.356,0.311,0.059,0.0,Asia,1.258,47
Malaysia,2017,75.828,13.7,10.2,25900.0,0.86,0.74,0.84,0.8,0.81,0.8,5.339,1.221,0.0,0.828,0.508,0.26,0.024,0.0,Asia,1.171,47
Malaysia,2016,75.649,13.7,10.2,24840.0,0.86,0.74,0.83,0.8,0.81,0.8,5.77,1.12486,1.07023,0.72394,0.53024,0.33075,0.10501,1.88541,Asia,0.0,49
Malaysia,2015,75.461,13.5,10.2,24120.0,0.85,0.73,0.83,0.8,0.8,0.8,6.084000111,1.29121542,1.284646034,0.618784428,0.402264982,0.41660893,0.065600708,2.004448891,Asia,0.0,50
Malawi,2018,63.8,10.95,4.63,1159.12,0.67,0.49,0.37,0.49,0.5,0.49,3.587,0.186,0.0,0.306,0.531,0.21,0.08,0.0,Africa,0.541,32
Malawi,2017,63.279,10.8,4.5,1030.0,0.67,0.49,0.35,0.48,0.48,0.48,3.41,0.191,0.0,0.495,0.443,0.218,0.089,0.0,Africa,0.56,31
Malawi,2016,62.681,10.8,4.5,1020.0,0.66,0.49,0.35,0.48,0.48,0.47,4.292,0.01604,0.41134,0.22562,0.43054,0.33128,0.06977,2.80791,Africa,0.0,31
Malawi,2015,61.953,10.7,4.4,990.0,0.65,0.48,0.35,0.47,0.47,0.47,3.970000029,0.233442038,0.512568831,0.315089583,0.466914654,0.28717047,0.072711654,2.081786156,Africa,0.0,31
Madagascar,2018,66.68,10.41,6.1,1403.92,0.72,0.52,0.4,0.52,0.53,0.52,3.774,0.262,0.0,0.402,0.221,0.155,0.049,0.0,Africa,0.908,25
Madagascar,2017,66.311,10.6,6.1,1540.0,0.71,0.52,0.41,0.52,0.54,0.52,3.933,0.274,0.0,0.555,0.148,0.169,0.041,0.0,Africa,0.916,24
Madagascar,2016,65.931,10.6,6.1,1550.0,0.71,0.52,0.41,0.52,0.53,0.52,3.681,0.20824,0.66801,0.46721,0.19184,0.21333,0.08124,1.851,Africa,0.0,26
Madagascar,2015,65.539,10.6,6.1,1500.0,0.7,0.52,0.41,0.51,0.53,0.51,3.644000053,0.305808693,0.913020372,0.375223309,0.189196765,0.20873253,0.067231975,1.584612608,Africa,0.0,28
Luxembourg,2018,82.1,14.23,12.2,65543.05,0.96,0.81,0.98,0.91,0.91,0.91,6.91,1.576,0.0,0.896,0.632,0.196,0.321,0.0,Europe,1.52,81
Luxembourg,2017,81.955,14.0,12.1,72750.0,0.95,0.8,1.0,0.91,0.91,0.9,7.09,1.609,0.0,1.012,0.526,0.194,0.316,0.0,Europe,1.479,82
Luxembourg,2016,81.803,14.0,12.1,70450.0,0.95,0.8,0.99,0.9,0.91,0.9,6.946,1.56391,1.21963,0.91894,0.61583,0.28034,0.37798,1.96961,Europe,0.0,81
Luxembourg,2015,81.636,14.0,12.0,67590.0,0.95,0.8,0.98,0.9,0.91,0.9,6.862999916,1.741943598,1.457583666,0.845089495,0.596627891,0.283180982,0.318834424,1.619512081,Europe,0.0,85
Lithuania,2018,75.74,16.5,12.96,29775.26,0.86,0.91,0.86,0.87,0.88,0.87,5.952,1.197,0.0,0.716,0.35,0.026,0.006,0.0,Europe,1.527,59
Lithuania,2017,75.507,16.1,13.0,32560.0,0.85,0.9,0.87,0.87,0.88,0.86,6.149,1.238,0.0,0.818,0.291,0.043,0.042,0.0,Europe,1.515,59
Lithuania,2016,75.238,16.1,13.0,29790.0,0.85,0.9,0.86,0.86,0.87,0.86,5.833,1.14723,1.25745,0.73128,0.21342,0.02641,0.01031,2.44649,Europe,0.0,59
Lithuania,2015,74.923,16.1,13.0,27780.0,0.84,0.9,0.85,0.86,0.86,0.85,5.90199995,1.314582348,1.473516107,0.62894994,0.234231785,0.010164657,0.011865643,2.228440523,Europe,0.0,59
Libya,2018,72.72,12.79,7.56,11684.73,0.81,0.64,0.72,0.71,0.72,0.71,5.566,0.985,0.0,0.553,0.496,0.116,0.148,0.0,Africa,1.35,17
Libya,2017,72.52,13.4,7.3,13690.0,0.81,0.65,0.74,0.7,0.73,0.71,5.525,1.044,0.0,0.673,0.416,0.133,0.152,0.0,Africa,1.303,17
Libya,2016,72.311,13.4,7.3,11430.0,0.8,0.65,0.72,0.69,0.72,0.69,5.754,1.13145,1.11862,0.7038,0.41668,0.18295,0.11023,2.09066,Africa,0.0,14
Libya,2015,72.121,13.4,7.3,12740.0,0.8,0.65,0.73,0.69,0.73,0.69,5.525000095,1.101803064,1.35756433,0.52016902,0.46573323,0.152073666,0.09261021,1.835011244,Africa,0.0,16
Liberia,2018,63.73,9.58,4.67,1040.09,0.67,0.45,0.35,0.46,0.47,0.46,3.495,0.076,0.0,0.267,0.419,0.206,0.03,0.0,Africa,0.858,32
Liberia,2017,63.295,10.0,4.7,1380.0,0.67,0.46,0.4,0.47,0.5,0.44,3.975,0.073,0.0,0.443,0.37,0.233,0.033,0.0,Africa,0.922,31
Liberia,2016,62.802,10.0,4.5,1260.0,0.66,0.46,0.38,0.46,0.49,0.43,4.571,0.0712,0.78968,0.34201,0.28531,0.24362,0.06232,2.77729,Africa,0.0,37
Liberia,2015,62.269,10.0,4.4,1180.0,0.65,0.46,0.37,0.46,0.48,0.43,3.532999992,0.119041793,0.872117937,0.229918197,0.332881182,0.266549885,0.038948249,1.673285961,Africa,0.0,37
Lebanon,2018,78.88,11.29,8.7,11136.25,0.91,0.62,0.71,0.73,0.74,0.73,5.358,0.965,0.0,0.785,0.503,0.214,0.136,0.0,Asia,1.179,28
Lebanon,2017,78.833,12.5,8.7,16070.0,0.91,0.66,0.77,0.73,0.77,0.76,5.197,0.987,0.0,0.815,0.216,0.166,0.027,0.0,Asia,1.224,28
Lebanon,2016,78.8,12.5,8.6,15250.0,0.9,0.66,0.76,0.73,0.77,0.75,4.839,1.02564,0.80001,0.83947,0.33916,0.21854,0.04582,1.57059,Asia,0.0,28
Lebanon,2015,78.768,12.5,8.5,14920.0,0.9,0.65,0.76,0.73,0.76,0.75,5.224999905,1.074987531,1.129624248,0.735081077,0.288515985,0.264450759,0.03751383,1.695073843,Asia,0.0,28
Latvia,2018,75.17,15.98,12.83,26300.77,0.85,0.89,0.84,0.85,0.86,0.85,5.933,1.148,0.0,0.671,0.363,0.092,0.066,0.0,Europe,1.454,58
Latvia,2017,75.048,15.8,12.8,28360.0,0.85,0.88,0.85,0.85,0.86,0.85,5.94,1.187,0.0,0.812,0.264,0.075,0.064,0.0,Europe,1.465,58
Latvia,2016,74.91,15.8,12.8,26340.0,0.84,0.88,0.84,0.85,0.86,0.84,5.098,1.11312,1.09562,0.72437,0.29671,0.18226,0.06332,1.62215,Europe,0.0,57
Latvia,2015,74.733,15.8,12.8,24690.0,0.84,0.88,0.83,0.84,0.85,0.84,5.849999905,1.260748625,1.404714942,0.638566971,0.325707912,0.153074786,0.073842727,1.993655205,Europe,0.0,56
Kyrgyzstan,2018,71.32,13.36,10.88,3316.79,0.79,0.75,0.53,0.67,0.68,0.67,5.131,0.53,0.0,0.594,0.54,0.281,0.035,0.0,Asia,1.416,29
Kyrgyzstan,2017,71.193,13.4,10.9,4800.0,0.79,0.75,0.58,0.67,0.7,0.67,5.261,0.551,0.0,0.723,0.508,0.3,0.023,0.0,Asia,1.438,29
Kyrgyzstan,2016,71.054,13.4,10.9,5020.0,0.79,0.75,0.59,0.67,0.7,0.67,5.286,0.47428,1.15115,0.65088,0.43477,0.3003,0.04232,2.2327,Asia,0.0,28
Kyrgyzstan,2015,70.876,13.3,10.8,4460.0,0.78,0.74,0.57,0.67,0.69,0.67,5.004000187,0.596220076,1.394238591,0.553457797,0.454943389,0.428580374,0.039439179,1.536723137,Asia,0.0,28
Kuwait,2018,75.4,13.76,7.28,71164.22,0.85,0.66,0.99,0.81,0.82,0.81,6.083,1.474,0.0,0.675,0.554,0.167,0.106,0.0,Asia,1.301,41
Kuwait,2017,75.311,13.6,7.3,59260.0,0.85,0.66,0.96,0.81,0.81,0.8,6.021,1.5,0.0,0.808,0.493,0.142,0.097,0.0,Asia,1.319,39
Kuwait,2016,75.224,13.6,7.2,51550.0,0.85,0.65,0.94,0.81,0.81,0.8,6.295,1.55422,1.16594,0.72492,0.55499,0.16228,0.25609,1.87634,Asia,0.0,41
Kuwait,2015,75.13,13.6,7.1,52880.0,0.85,0.65,0.95,0.81,0.81,0.8,6.105000019,1.632952452,1.259698749,0.632105708,0.496337593,0.228289798,0.21515955,1.640425205,Asia,0.0,49
Kenya,2018,66.34,11.06,6.56,3051.69,0.71,0.55,0.52,0.58,0.59,0.58,4.41,0.493,0.0,0.454,0.504,0.352,0.055,0.0,Africa,1.048,27
Kenya,2017,65.909,12.1,6.5,4000.0,0.71,0.58,0.56,0.57,0.61,0.59,4.509,0.512,0.0,0.581,0.431,0.372,0.053,0.0,Africa,0.983,28
Kenya,2016,65.393,11.9,6.4,3620.0,0.7,0.57,0.54,0.57,0.6,0.59,4.419,0.36471,0.99876,0.41435,0.42215,0.37542,0.05839,1.78555,Africa,0.0,26
Kenya,2015,64.798,11.7,6.3,3330.0,0.69,0.57,0.53,0.56,0.59,0.58,4.552999973,0.560479462,1.067950726,0.30998835,0.452763766,0.444860309,0.064641319,1.651902199,Africa,0.0,25
Kazakhstan,2018,73.24,15.27,11.78,22167.7,0.82,0.84,0.82,0.82,0.82,0.82,5.79,1.143,0.0,0.631,0.454,0.148,0.121,0.0,Asia,1.516,31
Kazakhstan,2017,72.728,15.1,11.8,22160.0,0.81,0.83,0.82,0.81,0.82,0.8,5.809,1.173,0.0,0.729,0.41,0.146,0.096,0.0,Asia,1.508,31
Kazakhstan,2016,72.081,15.0,11.7,24280.0,0.8,0.83,0.83,0.81,0.82,0.8,5.855,1.12254,1.12241,0.64368,0.51649,0.11827,0.08454,2.24729,Asia,0.0,29
Kazakhstan,2015,71.319,15.0,11.7,23860.0,0.79,0.83,0.83,0.81,0.81,0.8,5.818999767,1.28455627,1.384369016,0.606041551,0.437454283,0.201964423,0.119282886,1.784892559,Asia,0.0,28
Jordan,2018,74.41,11.88,10.45,8267.81,0.84,0.69,0.67,0.72,0.73,0.72,5.161,0.822,0.0,0.645,0.468,0.13,0.134,0.0,Asia,1.265,49
Jordan,2017,74.292,13.1,10.4,9790.0,0.84,0.73,0.69,0.72,0.75,0.74,4.906,0.837,0.0,0.815,0.383,0.11,0.13,0.0,Asia,1.225,48
Jordan,2016,74.184,13.1,10.4,9120.0,0.83,0.73,0.68,0.72,0.74,0.74,5.192,0.90198,1.05392,0.69639,0.40661,0.11053,0.14293,1.87996,Asia,0.0,48
Jordan,2015,74.078,13.0,10.3,9140.0,0.83,0.72,0.68,0.72,0.74,0.73,5.335999966,0.991012394,1.239088893,0.604590058,0.418421149,0.17217046,0.119803272,1.791176558,Asia,0.0,53
Japan,2018,84.47,15.23,12.8,40799.01,0.99,0.86,0.91,0.91,0.92,0.91,5.915,1.294,0.0,0.988,0.553,0.079,0.15,0.0,Asia,1.462,73
Japan,2017,84.29,15.2,12.8,42290.0,0.99,0.86,0.91,0.91,0.92,0.91,5.886,1.327,0.0,1.088,0.445,0.069,0.14,0.0,Asia,1.419,73
Japan,2016,84.09,15.2,12.7,41350.0,0.99,0.86,0.91,0.91,0.92,0.91,5.987,1.27074,1.25712,0.99111,0.49615,0.10705,0.1806,1.68435,Asia,0.0,72
Japan,2015,83.879,15.2,12.5,41950.0,0.98,0.85,0.91,0.91,0.91,0.91,5.920000076,1.416915178,1.436337829,0.913475871,0.505625546,0.120572768,0.163760737,1.363223553,Asia,0.0,75
Jamaica,2018,74.37,13.14,9.8,7931.52,0.84,0.71,0.66,0.73,0.73,0.73,5.89,0.819,0.0,0.693,0.575,0.096,0.031,0.0,South America,1.493,44
Jamaica,2017,74.267,13.1,9.8,9320.0,0.83,0.71,0.68,0.72,0.74,0.73,5.89,0.831,0.0,0.831,0.49,0.107,0.028,0.0,South America,1.478,44
Jamaica,2016,74.175,13.1,9.8,8800.0,0.83,0.71,0.68,0.72,0.74,0.73,5.709,0.81038,1.15102,0.68741,0.50442,0.2123,0.02299,2.32038,South America,0.0,39
Jamaica,2015,74.098,13.1,9.6,8520.0,0.83,0.7,0.67,0.72,0.73,0.73,5.31099987,0.925579309,1.368218064,0.641022384,0.474307239,0.233818337,0.055267781,1.612325668,South America,0.0,41
Italy,2018,83.35,16.25,10.25,36141.43,0.97,0.83,0.89,0.88,0.89,0.88,6.0,1.264,0.0,0.946,0.281,0.137,0.028,0.0,Europe,1.501,52
Italy,2017,83.184,16.3,10.2,42010.0,0.97,0.83,0.91,0.88,0.9,0.88,6.223,1.294,0.0,1.039,0.231,0.158,0.03,0.0,Europe,1.488,50
Italy,2016,83.008,16.3,10.2,40030.0,0.97,0.83,0.91,0.88,0.9,0.88,5.948,1.25114,1.19777,0.95446,0.26236,0.22823,0.02901,2.02518,Europe,0.0,47
Italy,2015,82.828,16.3,10.2,36650.0,0.97,0.83,0.89,0.88,0.89,0.88,5.964000225,1.395066619,1.444923282,0.853144348,0.256450713,0.172789648,0.028028091,1.813312054,Europe,0.0,44
Israel,2018,82.82,15.99,12.96,33649.69,0.97,0.89,0.88,0.91,0.91,0.91,6.814,1.301,0.0,0.883,0.533,0.354,0.272,0.0,Asia,1.559,61
Israel,2017,82.663,15.9,13.0,38570.0,0.96,0.89,0.9,0.9,0.92,0.9,7.139,1.276,0.0,1.029,0.371,0.261,0.082,0.0,Asia,1.455,62
Israel,2016,82.503,15.9,13.0,37500.0,0.96,0.89,0.9,0.9,0.92,0.9,7.278,1.22857,1.22393,0.91387,0.41319,0.33172,0.07785,3.08854,Asia,0.0,64
Israel,2015,82.34,16.0,13.0,35130.0,0.96,0.89,0.89,0.9,0.91,0.9,7.212999821,1.375382423,1.376289964,0.838404,0.405988604,0.330082655,0.0852421,2.801757336,Asia,0.0,61
Ireland,2018,82.1,18.79,12.53,55659.68,0.96,0.97,0.95,0.94,0.96,0.94,6.977,1.448,0.0,0.876,0.614,0.307,0.306,0.0,Europe,1.583,73
Ireland,2017,81.872,19.6,12.5,61590.0,0.95,1.0,0.97,0.94,0.97,0.94,7.021,1.499,0.0,0.999,0.516,0.298,0.31,0.0,Europe,1.553,74
Ireland,2016,81.615,19.6,12.5,59070.0,0.95,1.0,0.96,0.94,0.97,0.93,6.94,1.33596,1.36948,0.89533,0.61777,0.45901,0.28703,1.9757,Europe,0.0,73
Ireland,2015,81.344,19.6,12.3,52990.0,0.94,1.0,0.95,0.93,0.96,0.93,6.977000237,1.535706639,1.558231115,0.809782624,0.573110342,0.427858323,0.298388153,1.773869038,Europe,0.0,75
Iraq,2018,70.45,11.15,7.32,15364.96,0.78,0.57,0.76,0.69,0.7,0.69,4.456,1.01,0.0,0.536,0.304,0.148,0.095,0.0,Asia,0.971,18
Iraq,2017,70.294,11.0,6.8,10850.0,0.77,0.56,0.71,0.68,0.67,0.69,4.437,1.043,0.0,0.574,0.241,0.148,0.089,0.0,Asia,0.98,18
Iraq,2016,70.122,10.1,6.7,9720.0,0.77,0.52,0.69,0.67,0.65,0.67,4.677,0.98549,0.81889,0.60237,0.0,0.17922,0.13788,1.95335,Asia,0.0,17
Iraq,2015,69.929,10.1,6.6,10220.0,0.77,0.52,0.7,0.66,0.65,0.67,4.497000217,1.102710485,0.978613198,0.50118047,0.288555533,0.199637264,0.107215755,1.318907261,Asia,0.0,16
Iran,2018,76.48,14.73,10.01,18166.47,0.87,0.77,0.79,0.8,0.81,0.8,4.707,1.059,0.0,0.691,0.459,0.282,0.129,0.0,Asia,0.771,28
Iran,2017,76.271,14.9,9.8,14560.0,0.87,0.77,0.75,0.8,0.79,0.8,4.548,1.1,0.0,0.785,0.305,0.27,0.125,0.0,Asia,0.842,30
Iran,2016,76.047,14.9,9.8,13650.0,0.86,0.77,0.74,0.8,0.79,0.8,4.686,1.0088,0.54447,0.69805,0.30033,0.38086,0.05863,1.6944,Asia,0.0,29
Iran,2015,75.796,14.9,9.8,13300.0,0.86,0.77,0.74,0.79,0.79,0.79,4.691999912,1.156873107,0.711551249,0.639333189,0.249322608,0.387242913,0.048761073,1.498734951,Asia,0.0,27
Indonesia,2018,71.51,12.92,7.98,11255.78,0.79,0.65,0.71,0.71,0.72,0.71,5.093,0.899,0.0,0.522,0.538,0.484,0.018,0.0,Asia,1.215,38
Indonesia,2017,71.282,12.8,8.0,10580.0,0.79,0.65,0.7,0.7,0.71,0.69,5.192,0.931,0.0,0.66,0.491,0.498,0.028,0.0,Asia,1.203,37
Indonesia,2016,71.035,12.8,8.0,10160.0,0.79,0.65,0.7,0.7,0.71,0.69,5.399,0.82827,1.08708,0.63793,0.46611,0.51535,0.0,1.86399,Asia,0.0,37
Indonesia,2015,70.768,12.7,7.9,9910.0,0.78,0.64,0.69,0.7,0.7,0.69,5.262000084,0.995538592,1.274444699,0.492345721,0.443323463,0.611704588,0.015317135,1.429476976,Asia,0.0,36
India,2018,69.42,12.35,6.45,6828.6,0.76,0.59,0.64,0.65,0.66,0.65,4.19,0.721,0.0,0.485,0.539,0.172,0.093,0.0,Asia,0.747,41
India,2017,69.165,12.3,6.4,6120.0,0.76,0.59,0.62,0.64,0.65,0.64,4.015,0.755,0.0,0.588,0.498,0.2,0.085,0.0,Asia,0.765,40
India,2016,68.897,12.3,6.4,5760.0,0.75,0.59,0.61,0.64,0.65,0.64,4.565,0.64499,0.38174,0.51529,0.39786,0.26475,0.08492,2.27513,Asia,0.0,40
India,2015,68.607,12.0,6.3,5400.0,0.75,0.58,0.6,0.63,0.64,0.63,4.315000057,0.792221248,0.754372597,0.455427617,0.469987005,0.231538489,0.092226885,1.519117117,Asia,0.0,38
Iceland,2018,82.86,19.17,12.54,47566.45,0.97,0.99,0.93,0.94,0.96,0.94,7.495,1.343,0.0,0.914,0.677,0.353,0.138,0.0,Europe,1.644,76
Iceland,2017,82.725,19.3,12.4,54380.0,0.97,0.99,0.95,0.94,0.97,0.94,7.494,1.38,0.0,1.026,0.591,0.354,0.118,0.0,Europe,1.624,77
Iceland,2016,82.601,19.3,12.4,50990.0,0.96,0.99,0.94,0.93,0.96,0.93,7.561,1.30232,1.40223,0.94784,0.62877,0.4363,0.14145,2.70201,Europe,0.0,78
Iceland,2015,82.481,19.3,12.2,46480.0,0.96,0.98,0.93,0.93,0.96,0.93,7.504000187,1.48063302,1.610574007,0.833552122,0.627162635,0.475540221,0.153526559,2.322715282,Europe,0.0,79
Hungary,2018,76.7,15.12,11.89,27144.21,0.87,0.83,0.85,0.84,0.85,0.84,5.62,1.171,0.0,0.732,0.259,0.061,0.022,0.0,Europe,1.401,46
Hungary,2017,76.498,15.1,11.9,28340.0,0.87,0.83,0.85,0.84,0.85,0.84,5.758,1.201,0.0,0.828,0.199,0.081,0.02,0.0,Europe,1.41,45
Hungary,2016,76.266,15.1,11.9,26990.0,0.87,0.83,0.85,0.84,0.85,0.84,4.8,1.12094,1.20215,0.75905,0.32112,0.128,0.02758,1.24074,Europe,0.0,48
Hungary,2015,76.006,15.2,11.8,25460.0,0.86,0.83,0.84,0.84,0.84,0.83,5.323999882,1.286011934,1.343133092,0.687763453,0.175863519,0.078401662,0.036636937,1.716459274,Europe,0.0,51
Honduras,2018,75.09,10.21,6.6,4258.35,0.85,0.52,0.57,0.62,0.63,0.62,5.504,0.62,0.0,0.622,0.459,0.197,0.074,0.0,South America,1.205,29
Honduras,2017,74.898,10.2,6.5,5220.0,0.84,0.52,0.6,0.62,0.64,0.62,5.86,0.642,0.0,0.828,0.507,0.246,0.078,0.0,South America,1.236,29
Honduras,2016,74.701,10.2,6.5,4790.0,0.84,0.52,0.58,0.62,0.63,0.61,4.788,0.59532,0.95348,0.6951,0.40148,0.23027,0.06825,1.84408,South America,0.0,30
Honduras,2015,74.495,10.2,6.3,4490.0,0.84,0.52,0.57,0.61,0.63,0.61,5.181000233,0.730573118,1.143944979,0.58256948,0.34807986,0.236188874,0.073345453,2.065811157,South America,0.0,31
Haiti,2018,63.66,9.5,5.44,1664.89,0.67,0.47,0.42,0.5,0.51,0.5,3.582,0.315,0.0,0.289,0.025,0.392,0.104,0.0,South America,0.714,20
Haiti,2017,63.29,9.3,5.3,1770.0,0.67,0.46,0.43,0.5,0.51,0.5,3.597,0.323,0.0,0.449,0.026,0.419,0.11,0.0,South America,0.688,22
Haiti,2016,62.896,9.2,5.2,1770.0,0.66,0.45,0.43,0.5,0.51,0.5,4.518,0.26673,0.74302,0.38847,0.24425,0.46187,0.17175,2.24173,South America,0.0,20
Haiti,2015,62.485,9.1,5.2,1710.0,0.65,0.45,0.43,0.49,0.5,0.49,3.602999926,0.368610263,0.640449822,0.27732113,0.030369857,0.489203781,0.09987215,1.697167635,South America,0.0,17
Guinea,2018,61.19,9.01,2.71,2211.0,0.63,0.38,0.47,0.47,0.48,0.47,3.964,0.344,0.0,0.211,0.394,0.185,0.094,0.0,South America,0.792,28
Guinea,2017,60.706,9.1,2.6,2410.0,0.63,0.38,0.48,0.46,0.48,0.46,4.534,0.38,0.0,0.375,0.332,0.207,0.086,0.0,South America,0.829,27
Guinea,2016,60.17,9.1,2.6,2050.0,0.62,0.38,0.46,0.46,0.47,0.45,3.656,0.17417,0.46475,0.24009,0.37725,0.28657,0.12139,1.99172,South America,0.0,27
Guinea,2015,59.598,9.1,2.6,1790.0,0.61,0.38,0.44,0.45,0.46,0.44,3.506999969,0.24454993,0.791244686,0.194129139,0.348587513,0.264815092,0.110937618,1.552311897,South America,0.0,25
Guatemala,2018,74.06,10.62,6.47,7377.92,0.83,0.53,0.65,0.65,0.66,0.65,6.382,0.781,0.0,0.608,0.604,0.179,0.071,0.0,South America,1.268,27
Guatemala,2017,73.81,10.8,6.5,8200.0,0.83,0.54,0.67,0.65,0.67,0.65,6.436,0.8,0.0,0.746,0.535,0.175,0.078,0.0,South America,1.269,28
Guatemala,2016,73.541,10.8,6.5,7910.0,0.82,0.54,0.66,0.65,0.66,0.65,6.123,0.74553,1.04356,0.64425,0.57733,0.27489,0.09472,2.74255,South America,0.0,28
Guatemala,2015,73.25,10.8,6.3,7830.0,0.82,0.54,0.66,0.65,0.66,0.65,6.453999996,0.872001946,1.255585194,0.54023999,0.531310618,0.283488393,0.077223279,2.893891096,South America,0.0,28
Greece,2018,82.07,17.34,10.54,24909.34,0.95,0.87,0.83,0.87,0.88,0.87,5.358,1.154,0.0,0.879,0.131,0.0,0.044,0.0,Europe,1.202,45
Greece,2017,81.901,17.3,10.8,29150.0,0.95,0.88,0.86,0.87,0.89,0.87,5.287,1.181,0.0,0.999,0.067,0.0,0.034,0.0,Europe,1.156,48
Greece,2016,81.727,17.3,10.8,27820.0,0.95,0.88,0.85,0.87,0.89,0.87,4.857,1.15406,0.92933,0.88213,0.07699,0.0,0.01397,1.80101,Europe,0.0,44
Greece,2015,81.548,17.3,10.6,26940.0,0.95,0.87,0.85,0.87,0.89,0.87,5.227000237,1.289487481,1.239414573,0.810198903,0.095731251,0.0,0.043289777,1.749221563,Europe,0.0,46
Ghana,2018,63.78,11.52,7.18,4098.86,0.67,0.58,0.56,0.6,0.6,0.6,4.657,0.592,0.0,0.337,0.499,0.212,0.029,0.0,Africa,0.896,41
Ghana,2017,63.463,11.6,7.1,4860.0,0.67,0.58,0.59,0.59,0.61,0.59,4.996,0.611,0.0,0.486,0.381,0.245,0.04,0.0,Africa,0.868,40
Ghana,2016,63.124,11.6,7.1,4800.0,0.66,0.58,0.58,0.59,0.61,0.59,4.633,0.54558,0.67954,0.40132,0.42342,0.23087,0.04355,2.30919,Africa,0.0,43
Ghana,2015,62.772,11.7,6.9,5050.0,0.66,0.58,0.59,0.58,0.61,0.59,4.119999886,0.667224824,0.873664737,0.295637727,0.423026294,0.256923944,0.02533637,1.577867508,Africa,0.0,47
Germany,2018,81.18,17.1,14.13,46945.95,0.94,0.96,0.93,0.94,0.94,0.94,6.965,1.34,0.0,0.861,0.586,0.273,0.28,0.0,Europe,1.474,80
Germany,2017,81.039,17.0,14.1,54370.0,0.94,0.96,0.95,0.94,0.95,0.94,6.985,1.373,0.0,0.987,0.495,0.261,0.265,0.0,Europe,1.454,81
Germany,2016,80.902,17.0,14.1,51810.0,0.94,0.96,0.94,0.94,0.95,0.93,6.75,1.32792,1.29937,0.89186,0.61477,0.28214,0.21843,2.11569,Europe,0.0,81
Germany,2015,80.77,17.0,14.1,48770.0,0.93,0.96,0.93,0.93,0.94,0.93,6.951000214,1.487923384,1.472520351,0.798950732,0.562511384,0.33626917,0.276731938,2.015769958,Europe,0.0,81
Georgia,2018,73.6,15.43,12.81,9569.52,0.82,0.87,0.69,0.79,0.79,0.79,4.34,0.853,0.0,0.643,0.375,0.038,0.215,0.0,Asia,0.592,58
Georgia,2017,73.414,15.0,12.8,12910.0,0.82,0.86,0.73,0.78,0.8,0.78,4.519,0.886,0.0,0.752,0.346,0.043,0.164,0.0,Asia,0.666,56
Georgia,2016,73.207,15.0,12.8,11760.0,0.82,0.86,0.72,0.78,0.8,0.78,4.297,0.7419,0.38562,0.72926,0.40577,0.05547,0.38331,1.59541,Asia,0.0,57
Georgia,2015,72.973,14.7,12.7,11420.0,0.81,0.84,0.72,0.77,0.79,0.77,4.285999775,0.950612664,0.570614934,0.649546981,0.309410036,0.054008815,0.251666635,1.500137806,Asia,0.0,52
Gabon,2018,66.19,12.9,8.32,15794.08,0.71,0.66,0.76,0.7,0.71,0.7,4.758,1.036,0.0,0.404,0.356,0.032,0.052,0.0,Africa,1.164,31
Gabon,2017,65.839,12.8,8.2,14060.0,0.71,0.65,0.75,0.7,0.7,0.7,4.799,1.057,0.0,0.571,0.295,0.043,0.055,0.0,Africa,1.183,32
Gabon,2016,65.418,12.6,8.2,13180.0,0.7,0.65,0.74,0.7,0.69,0.7,3.896,1.06024,0.90528,0.43372,0.31914,0.06822,0.11091,0.99895,Africa,0.0,35
Gabon,2015,64.913,12.6,8.1,13480.0,0.69,0.65,0.74,0.69,0.69,0.69,4.465000153,1.198210239,1.155620217,0.356578588,0.312328577,0.043785378,0.076046787,1.322916269,Africa,0.0,34
France,2018,82.54,15.49,11.42,40510.78,0.96,0.83,0.91,0.89,0.9,0.89,6.489,1.293,0.0,0.908,0.52,0.098,0.176,0.0,Europe,1.466,72
France,2017,82.432,16.4,11.5,45850.0,0.96,0.87,0.93,0.89,0.92,0.9,6.592,1.324,0.0,1.045,0.436,0.111,0.183,0.0,Europe,1.472,70
France,2016,82.328,16.4,11.5,43830.0,0.96,0.87,0.92,0.89,0.91,0.9,6.575,1.27778,1.26038,0.94579,0.55011,0.12332,0.20646,2.21126,Europe,0.0,69
France,2015,82.224,16.4,11.5,41740.0,0.96,0.87,0.91,0.89,0.91,0.9,6.441999912,1.430923462,1.387776852,0.844465852,0.470222116,0.129762307,0.172502428,2.005954742,Europe,0.0,70
Finland,2018,81.74,19.32,12.44,41779.26,0.95,0.99,0.91,0.93,0.95,0.93,7.632,1.305,0.0,0.874,0.681,0.202,0.393,0.0,Europe,1.592,85
Finland,2017,81.561,17.6,12.4,47480.0,0.95,0.93,0.93,0.92,0.94,0.92,7.769,1.34,0.0,0.986,0.596,0.153,0.393,0.0,Europe,1.587,85
Finland,2016,81.382,17.6,12.4,45150.0,0.94,0.93,0.92,0.92,0.93,0.92,7.406,1.29025,1.31826,0.88911,0.64169,0.23351,0.41372,2.61955,Europe,0.0,89
Finland,2015,81.196,17.6,12.4,42950.0,0.94,0.93,0.92,0.92,0.93,0.92,7.468999863,1.443571925,1.540246725,0.80915767,0.617950857,0.245482773,0.382611543,2.430181503,Europe,0.0,90
Ethiopia,2018,66.24,8.71,2.8,1781.76,0.71,0.37,0.44,0.47,0.48,0.47,4.35,0.308,0.0,0.391,0.452,0.22,0.146,0.0,Africa,0.95,34
Ethiopia,2017,65.872,8.5,2.7,2010.0,0.71,0.36,0.45,0.47,0.49,0.46,4.286,0.336,0.0,0.532,0.344,0.209,0.1,0.0,Africa,1.033,35
Ethiopia,2016,65.482,8.5,2.7,1870.0,0.7,0.36,0.44,0.46,0.48,0.46,4.512,0.19073,0.60406,0.44055,0.4345,0.24325,0.15048,2.44876,Africa,0.0,34
Ethiopia,2015,65.048,8.5,2.6,1650.0,0.69,0.36,0.42,0.45,0.47,0.45,4.460000038,0.339233845,0.864669204,0.353409708,0.408842742,0.31265074,0.165455714,2.015743732,Africa,0.0,33
Estonia,2018,78.57,16.06,13.03,30378.63,0.9,0.9,0.86,0.88,0.89,0.88,5.739,1.2,0.0,0.737,0.553,0.086,0.174,0.0,Europe,1.532,73
Estonia,2017,78.354,16.1,12.7,32930.0,0.9,0.89,0.88,0.88,0.89,0.87,5.893,1.237,0.0,0.874,0.495,0.103,0.161,0.0,Europe,1.528,71
Estonia,2016,78.097,16.1,12.6,30510.0,0.89,0.89,0.86,0.88,0.88,0.87,5.429,1.15174,1.22791,0.77361,0.44888,0.0868,0.15184,1.58782,Europe,0.0,70
Estonia,2015,77.783,16.1,12.7,28570.0,0.89,0.89,0.85,0.87,0.88,0.87,5.611000061,1.32087934,1.4766711,0.695168316,0.47913143,0.098890811,0.183248922,1.357508659,Europe,0.0,70
El Salvador,2018,73.1,12.04,6.94,6973.46,0.82,0.59,0.64,0.67,0.68,0.67,6.167,0.806,0.0,0.639,0.461,0.065,0.082,0.0,South America,1.231,35
El Salvador,2017,72.872,12.6,6.9,7970.0,0.81,0.61,0.66,0.66,0.69,0.67,6.253,0.794,0.0,0.789,0.43,0.093,0.074,0.0,South America,1.242,33
El Salvador,2016,72.644,12.6,6.9,7620.0,0.81,0.61,0.65,0.66,0.69,0.68,6.13,0.76454,1.02507,0.67737,0.4035,0.10692,0.11776,3.035,South America,0.0,36
El Salvador,2015,72.412,12.6,6.6,7240.0,0.81,0.6,0.65,0.66,0.68,0.67,6.002999783,0.909784496,1.182125092,0.596018553,0.43245253,0.078257985,0.08998096,2.714593887,South America,0.0,39
Egypt,2018,71.83,13.1,7.33,10743.81,0.8,0.64,0.71,0.7,0.71,0.7,4.419,0.885,0.0,0.553,0.312,0.092,0.107,0.0,Africa,1.025,35
Egypt,2017,71.656,13.1,7.2,10800.0,0.79,0.64,0.71,0.7,0.71,0.7,4.166,0.913,0.0,0.644,0.241,0.076,0.067,0.0,Africa,1.039,32
Egypt,2016,71.482,13.1,7.2,10850.0,0.79,0.64,0.71,0.69,0.71,0.69,4.194,0.8818,0.747,0.61712,0.17288,0.11291,0.06324,1.59927,Africa,0.0,34
Egypt,2015,71.302,13.1,7.1,11160.0,0.79,0.63,0.71,0.69,0.71,0.69,4.735000134,0.989701807,0.997471392,0.520187259,0.282110155,0.128631443,0.114381365,1.702161074,Africa,0.0,36
Ecuador,2018,76.8,14.92,8.99,10141.15,0.87,0.75,0.7,0.76,0.77,0.76,5.973,0.889,0.0,0.736,0.556,0.114,0.12,0.0,South America,1.33,34
Ecuador,2017,76.584,14.7,8.7,11350.0,0.87,0.73,0.71,0.76,0.77,0.75,6.028,0.912,0.0,0.868,0.498,0.126,0.087,0.0,South America,1.312,32
Ecuador,2016,76.365,14.6,8.7,10830.0,0.87,0.73,0.71,0.76,0.76,0.75,5.975,0.86402,0.99903,0.79075,0.48574,0.11541,0.1809,2.53942,South America,0.0,31
Ecuador,2015,76.143,14.3,8.4,10870.0,0.86,0.71,0.71,0.76,0.76,0.74,6.007999897,1.000820398,1.286168814,0.685636222,0.455198199,0.150112465,0.140134647,2.290352583,South America,0.0,32
Dominican Republic,2018,73.89,14.14,7.94,15074.26,0.83,0.69,0.76,0.74,0.76,0.74,5.302,0.982,0.0,0.614,0.578,0.12,0.106,0.0,South America,1.441,30
Dominican Republic,2017,73.689,13.7,7.8,15940.0,0.83,0.67,0.77,0.74,0.75,0.74,5.425,1.015,0.0,0.779,0.497,0.113,0.101,0.0,South America,1.401,29
Dominican Republic,2016,73.471,13.7,7.8,15420.0,0.82,0.67,0.76,0.74,0.75,0.73,4.885,0.89537,1.17202,0.66825,0.57672,0.21684,0.14234,1.21305,South America,0.0,31
Dominican Republic,2015,73.241,13.8,7.8,14130.0,0.82,0.68,0.75,0.73,0.75,0.73,5.230000019,1.079373837,1.402416706,0.574873745,0.552589834,0.18696785,0.113945253,1.31946516,South America,0.0,33
Denmark,2018,80.78,19.07,12.59,48836.09,0.94,0.99,0.94,0.93,0.95,0.93,7.555,1.351,0.0,0.868,0.683,0.284,0.408,0.0,Europe,1.59,88
Denmark,2017,80.681,19.1,12.6,56360.0,0.93,0.99,0.96,0.93,0.96,0.93,7.6,1.383,0.0,0.996,0.592,0.252,0.41,0.0,Europe,1.573,88
Denmark,2016,80.583,19.1,12.6,53110.0,0.93,0.99,0.95,0.93,0.96,0.93,7.527,1.32548,1.36058,0.87464,0.64938,0.34139,0.48357,2.49204,Europe,0.0,90
Denmark,2015,80.475,19.2,12.5,50560.0,0.93,0.99,0.94,0.93,0.95,0.93,7.521999836,1.482383013,1.551121593,0.792565525,0.626006722,0.355280489,0.400770068,2.313707352,Europe,0.0,91
Cyprus,2018,80.83,14.67,12.1,33100.32,0.94,0.83,0.88,0.87,0.88,0.87,5.762,1.229,0.0,0.909,0.423,0.202,0.035,0.0,Asia,1.191,59
Cyprus,2017,80.672,14.6,12.1,35750.0,0.93,0.82,0.89,0.87,0.88,0.87,6.046,1.263,0.0,1.042,0.406,0.19,0.041,0.0,Asia,1.223,57
Cyprus,2016,80.513,14.6,12.1,33000.0,0.93,0.82,0.88,0.87,0.88,0.87,5.689,1.20813,0.89318,0.92356,0.40672,0.30638,0.06146,1.88931,Asia,0.0,55
Cyprus,2015,80.35,14.3,11.9,31510.0,0.93,0.81,0.87,0.86,0.87,0.86,5.620999813,1.355938077,1.131363273,0.844714701,0.355111539,0.271254301,0.041237976,1.621249199,Asia,0.0,61
Croatia,2018,78.34,14.96,11.41,23060.96,0.9,0.82,0.82,0.84,0.84,0.84,5.321,1.115,0.0,0.737,0.38,0.12,0.039,0.0,Europe,1.161,48
Croatia,2017,78.197,15.0,11.3,26310.0,0.9,0.81,0.84,0.84,0.85,0.83,5.432,1.155,0.0,0.914,0.296,0.119,0.022,0.0,Europe,1.266,49
Croatia,2016,78.049,15.0,11.3,24130.0,0.89,0.81,0.83,0.83,0.84,0.83,5.759,1.08254,0.79624,0.78805,0.25883,0.05444,0.0243,2.75414,Europe,0.0,49
Croatia,2015,77.892,15.1,11.2,22870.0,0.89,0.81,0.82,0.83,0.84,0.83,5.293000221,1.222556233,0.967983007,0.701288521,0.255772293,0.248002976,0.04310311,1.854492426,Europe,0.0,51
Costa Rica,2018,80.1,15.38,8.67,14789.93,0.92,0.75,0.75,0.79,0.81,0.79,7.072,1.01,0.0,0.817,0.632,0.143,0.101,0.0,South America,1.459,56
Costa Rica,2017,79.914,15.4,8.8,18040.0,0.92,0.76,0.78,0.79,0.82,0.79,7.167,1.034,0.0,0.963,0.558,0.144,0.093,0.0,South America,1.441,59
Costa Rica,2016,79.738,15.2,8.8,17230.0,0.92,0.75,0.78,0.79,0.81,0.79,7.226,0.95578,1.23788,0.86027,0.63376,0.25497,0.10583,3.17728,South America,0.0,58
Costa Rica,2015,79.565,15.1,8.8,16310.0,0.92,0.75,0.77,0.79,0.81,0.79,7.078999996,1.109706283,1.416403651,0.759509265,0.58013165,0.214613229,0.100106589,2.898639202,South America,0.0,55
Colombia,2018,77.11,14.6,8.33,12895.59,0.88,0.72,0.73,0.76,0.77,0.76,6.26,0.96,0.0,0.635,0.531,0.099,0.039,0.0,South America,1.439,36
Colombia,2017,76.925,14.4,8.3,14050.0,0.88,0.71,0.75,0.76,0.77,0.75,6.125,0.985,0.0,0.841,0.47,0.099,0.034,0.0,South America,1.41,37
Colombia,2016,76.732,14.4,8.3,13800.0,0.87,0.71,0.74,0.76,0.77,0.75,6.477,0.91861,1.24018,0.69077,0.53466,0.18401,0.0512,2.85737,South America,0.0,37
Colombia,2015,76.531,14.4,8.1,13700.0,0.87,0.71,0.74,0.75,0.77,0.74,6.356999874,1.070622325,1.402182937,0.595027924,0.477487415,0.149014473,0.046668742,2.616068125,South America,0.0,37
China,2018,84.69,16.51,12.04,60220.8,1.0,0.88,0.97,0.94,0.95,0.94,5.246,0.989,0.0,0.799,0.597,0.029,0.103,0.0,Asia,1.142,39
China,2018,76.7,13.89,7.9,16126.57,0.87,0.68,0.77,0.76,0.77,0.76,5.246,0.989,0.0,0.799,0.597,0.029,0.103,0.0,Asia,1.142,39
China,2017,76.47,13.8,7.8,14140.0,0.87,0.68,0.75,0.75,0.76,0.75,5.191,1.029,0.0,0.893,0.521,0.058,0.1,0.0,Asia,1.125,41
China,2017,76.47,13.8,7.8,62530.0,0.87,0.68,0.97,0.94,0.83,0.75,5.191,1.029,0.0,0.893,0.521,0.058,0.1,0.0,Asia,1.125,41
China,2016,76.21,13.8,7.8,13400.0,0.86,0.68,0.74,0.75,0.76,0.75,5.14,0.89012,0.94675,0.81658,0.51697,0.08185,0.02781,1.8604,Asia,0.0,40
China,2016,76.21,13.8,7.8,58670.0,0.86,0.68,0.96,0.93,0.83,0.75,5.14,0.89012,0.94675,0.81658,0.51697,0.08185,0.02781,1.8604,Asia,0.0,40
China,2015,75.928,13.8,7.7,12880.0,0.86,0.67,0.73,0.74,0.75,0.74,5.272999763,1.081165791,1.160837412,0.741415501,0.472787708,0.028806841,0.022794275,1.764938593,Asia,0.0,37
China,2015,75.928,13.8,7.7,57450.0,0.86,0.67,0.96,0.93,0.82,0.74,5.272999763,1.081165791,1.160837412,0.741415501,0.472787708,0.028806841,0.022794275,1.764938593,Asia,0.0,37
Chile,2018,80.04,16.53,10.45,21972.28,0.92,0.84,0.81,0.85,0.86,0.85,6.476,1.131,0.0,0.808,0.431,0.197,0.061,0.0,South America,1.331,67
Chile,2017,79.909,16.4,10.3,22750.0,0.92,0.83,0.82,0.84,0.86,0.84,6.444,1.159,0.0,0.92,0.357,0.187,0.056,0.0,South America,1.369,67
Chile,2016,79.779,16.4,10.3,22080.0,0.92,0.83,0.82,0.84,0.85,0.84,6.67,1.10715,1.12447,0.85857,0.44132,0.33363,0.12869,2.67585,South America,0.0,66
Chile,2015,79.646,16.3,10.3,22010.0,0.92,0.83,0.81,0.84,0.85,0.84,6.65199995,1.25278461,1.284024954,0.819479704,0.376895279,0.326662421,0.082287982,2.509585857,South America,0.0,70
Chad,2018,53.98,7.47,2.41,1715.57,0.52,0.32,0.43,0.4,0.41,0.4,4.301,0.358,0.0,0.053,0.189,0.181,0.06,0.0,Africa,0.907,19
Chad,2017,53.712,8.0,2.3,1570.0,0.52,0.33,0.42,0.4,0.41,0.4,4.35,0.35,0.0,0.192,0.174,0.198,0.078,0.0,Africa,0.766,20
Chad,2016,53.438,8.0,2.3,1630.0,0.51,0.33,0.42,0.4,0.42,0.41,3.667,0.34193,0.76062,0.1501,0.23501,0.18386,0.05269,1.94296,Africa,0.0,20
Chad,2015,53.137,8.0,2.3,1760.0,0.51,0.33,0.43,0.4,0.42,0.41,3.936000109,0.438012987,0.953855872,0.041134715,0.162342027,0.21611385,0.053581882,2.071238041,Africa,0.0,22
Canada,2018,82.32,16.09,13.32,43602.25,0.96,0.91,0.92,0.92,0.93,0.92,7.328,1.33,0.0,0.896,0.653,0.321,0.291,0.0,North America,1.532,81
Canada,2017,82.21,16.4,13.3,48070.0,0.96,0.92,0.93,0.92,0.94,0.93,7.278,1.365,0.0,1.039,0.584,0.285,0.308,0.0,North America,1.505,82
Canada,2016,82.117,16.4,13.1,45910.0,0.96,0.91,0.93,0.92,0.93,0.92,7.427,1.32629,1.32261,0.90563,0.63297,0.45811,0.32957,2.45176,North America,0.0,82
Canada,2015,82.026,16.3,13.1,43990.0,0.95,0.91,0.92,0.92,0.93,0.92,7.315999985,1.479204416,1.481348991,0.834557652,0.611100912,0.435539722,0.287371516,2.187264442,North America,0.0,83
Cameroon,2018,58.92,12.75,6.29,3291.13,0.6,0.6,0.53,0.56,0.57,0.56,4.975,0.535,0.0,0.182,0.454,0.183,0.043,0.0,Africa,0.891,25
Cameroon,2017,58.511,12.2,6.3,3490.0,0.59,0.58,0.54,0.56,0.57,0.56,5.044,0.549,0.0,0.331,0.381,0.187,0.037,0.0,Africa,0.91,25
Cameroon,2016,58.063,12.2,6.3,3350.0,0.59,0.58,0.53,0.56,0.57,0.55,4.252,0.4225,0.88767,0.23402,0.49309,0.20618,0.05786,1.95071,Africa,0.0,26
Cameroon,2015,57.583,12.2,6.1,3210.0,0.58,0.58,0.52,0.55,0.56,0.55,4.695000172,0.564305365,0.946018219,0.132892117,0.430388749,0.236298457,0.051306631,2.333645582,Africa,0.0,27
Cambodia,2018,69.57,11.34,4.84,3597.4,0.76,0.51,0.54,0.58,0.6,0.58,4.433,0.549,0.0,0.457,0.696,0.256,0.065,0.0,Asia,1.088,20
Cambodia,2017,69.289,11.7,4.8,3680.0,0.76,0.52,0.54,0.58,0.6,0.58,4.7,0.574,0.0,0.637,0.609,0.232,0.062,0.0,Asia,1.122,21
Cambodia,2016,68.977,11.7,4.7,3450.0,0.75,0.52,0.53,0.57,0.59,0.58,3.819,0.46038,0.62736,0.61114,0.66246,0.40359,0.07247,0.98195,Asia,0.0,21
Cambodia,2015,68.637,11.7,4.7,3180.0,0.75,0.52,0.52,0.57,0.59,0.57,4.168000221,0.601765096,1.006238341,0.429783404,0.633375823,0.385922968,0.068105951,1.042941093,Asia,0.0,21
Burundi,2018,61.25,11.3,3.12,659.73,0.63,0.46,0.28,0.42,0.44,0.42,2.905,0.091,0.0,0.145,0.065,0.149,0.076,0.0,Africa,0.627,17
Burundi,2017,60.898,11.7,3.0,770.0,0.63,0.47,0.31,0.42,0.45,0.42,3.775,0.046,0.0,0.38,0.22,0.176,0.18,0.0,Africa,0.447,22
Burundi,2016,60.528,11.7,3.0,800.0,0.62,0.47,0.31,0.43,0.45,0.42,2.905,0.0153,0.41587,0.22396,0.1185,0.19727,0.10062,1.83302,Africa,0.0,20
Burundi,2015,60.123,11.7,2.9,840.0,0.62,0.47,0.32,0.43,0.45,0.42,2.904999971,0.091622569,0.629793584,0.151610792,0.059900753,0.204435185,0.084147945,1.683024168,Africa,0.0,21
Burkina Faso,2018,61.17,8.91,1.59,1705.49,0.63,0.34,0.43,0.43,0.45,0.43,4.424,0.314,0.0,0.254,0.312,0.175,0.128,0.0,Africa,1.097,41
Burkina Faso,2017,60.768,8.5,1.5,1730.0,0.63,0.33,0.43,0.43,0.44,0.42,4.587,0.331,0.0,0.38,0.255,0.177,0.113,0.0,Africa,1.056,42
Burkina Faso,2016,60.354,8.5,1.5,1550.0,0.62,0.33,0.41,0.42,0.44,0.42,3.587,0.25812,0.85188,0.27125,0.39493,0.21747,0.12832,1.46494,Africa,0.0,42
Burkina Faso,2015,59.919,8.3,1.4,1460.0,0.61,0.32,0.4,0.41,0.43,0.41,4.032000065,0.350227714,1.043280005,0.215844259,0.324367851,0.250864685,0.120328106,1.727212906,Africa,0.0,38
Bulgaria,2018,74.93,14.81,11.81,19645.94,0.85,0.82,0.8,0.82,0.82,0.82,4.933,1.054,0.0,0.712,0.359,0.064,0.009,0.0,Europe,1.515,43
Bulgaria,2017,74.815,14.8,11.8,21460.0,0.84,0.82,0.81,0.81,0.83,0.81,5.011,1.092,0.0,0.815,0.311,0.081,0.004,0.0,Europe,1.513,42
Bulgaria,2016,74.703,14.8,11.8,19760.0,0.84,0.82,0.8,0.81,0.82,0.81,4.218,1.01216,1.10614,0.76649,0.30587,0.11921,0.00872,0.89991,Europe,0.0,41
Bulgaria,2015,74.584,15.1,11.8,17820.0,0.84,0.83,0.78,0.81,0.82,0.81,4.714000225,1.161459088,1.434379458,0.70821768,0.289231718,0.113177694,0.011051531,0.996139288,Europe,0.0,41
Brazil,2018,75.67,15.4,7.84,14068.05,0.86,0.73,0.75,0.76,0.78,0.76,6.419,0.986,0.0,0.675,0.493,0.11,0.088,0.0,South America,1.474,35
Brazil,2017,75.456,15.4,7.8,14250.0,0.85,0.73,0.75,0.76,0.78,0.76,6.3,1.004,0.0,0.802,0.39,0.099,0.086,0.0,South America,1.439,37
Brazil,2016,75.23,15.4,7.8,13950.0,0.85,0.73,0.75,0.76,0.77,0.76,6.983,0.98124,1.23287,0.69702,0.49049,0.14574,0.17521,3.26001,South America,0.0,40
Brazil,2015,74.994,15.4,7.6,14470.0,0.85,0.72,0.75,0.76,0.77,0.76,6.635000229,1.10735321,1.431306005,0.616552353,0.437453747,0.162349895,0.111092761,2.769267082,South America,0.0,38
Botswana,2018,69.28,12.7,9.33,15951.33,0.76,0.68,0.77,0.73,0.73,0.73,3.59,1.017,0.0,0.417,0.557,0.042,0.092,0.0,Africa,1.174,61
Botswana,2017,68.812,12.6,9.3,16680.0,0.75,0.68,0.77,0.72,0.73,0.72,3.488,1.041,0.0,0.538,0.455,0.025,0.1,0.0,Africa,1.145,61
Botswana,2016,68.178,12.6,9.3,16600.0,0.74,0.68,0.77,0.72,0.73,0.71,4.332,0.99355,1.10464,0.04776,0.49495,0.10461,0.12474,1.46181,Africa,0.0,60
Botswana,2015,67.338,12.6,9.2,15310.0,0.73,0.68,0.76,0.71,0.72,0.71,3.766000032,1.122094154,1.221554995,0.341755509,0.505196333,0.099348448,0.098583199,0.377913713,Africa,0.0,63
Bosnia and Herzegovina,2018,77.26,13.79,9.69,12689.68,0.88,0.73,0.73,0.77,0.78,0.77,5.129,0.915,0.0,0.758,0.28,0.216,0.0,0.0,Europe,1.078,38
Bosnia and Herzegovina,2017,77.128,14.2,9.7,13790.0,0.88,0.74,0.74,0.77,0.79,0.77,5.386,0.945,0.0,0.845,0.212,0.263,0.006,0.0,Europe,1.212,38
Bosnia and Herzegovina,2016,76.998,14.2,9.7,13090.0,0.88,0.74,0.74,0.76,0.78,0.77,4.949,0.83223,0.91916,0.79081,0.09245,0.24808,0.00227,2.06367,Europe,0.0,39
Bosnia and Herzegovina,2015,76.865,14.2,9.0,12100.0,0.87,0.72,0.72,0.75,0.77,0.76,5.18200016,0.982409418,1.069335938,0.705186307,0.204403177,0.328867495,0.0,1.892172575,Europe,0.0,38
Bolivia,2018,71.24,14.01,9.02,6849.2,0.79,0.72,0.64,0.7,0.71,0.7,5.752,0.751,0.0,0.508,0.606,0.141,0.054,0.0,South America,1.223,29
Bolivia,2017,70.945,14.0,8.9,8190.0,0.78,0.71,0.67,0.7,0.72,0.69,5.779,0.776,0.0,0.706,0.511,0.137,0.064,0.0,South America,1.209,33
Bolivia,2016,70.626,13.9,8.9,7360.0,0.78,0.71,0.65,0.69,0.71,0.69,5.89,0.68133,0.97841,0.5392,0.57414,0.20536,0.088,2.82334,South America,0.0,33
Bolivia,2015,70.277,13.8,8.7,6890.0,0.77,0.7,0.64,0.69,0.7,0.68,5.822999954,0.833756566,1.227619052,0.47363025,0.558732927,0.225560725,0.060477726,2.443279028,South America,0.0,34
Benin,2018,61.47,12.61,3.77,2134.59,0.64,0.53,0.46,0.52,0.54,0.52,4.141,0.378,0.0,0.24,0.44,0.163,0.067,0.0,Africa,0.372,40
Benin,2017,61.174,12.6,3.6,3010.0,0.63,0.52,0.51,0.51,0.55,0.52,4.883,0.393,0.0,0.397,0.349,0.175,0.082,0.0,Africa,0.437,39
Benin,2016,60.885,12.6,3.6,2980.0,0.63,0.52,0.51,0.51,0.55,0.51,3.34,0.28665,0.35386,0.3191,0.4845,0.1826,0.0801,1.63328,Africa,0.0,36
Benin,2015,60.608,12.6,3.5,2860.0,0.62,0.52,0.51,0.51,0.55,0.51,3.657000065,0.431085408,0.435299844,0.209930211,0.425962776,0.207948461,0.060929015,1.885630965,Africa,0.0,37
Belgium,2018,81.47,19.7,11.78,43820.84,0.95,0.98,0.92,0.92,0.95,0.92,6.927,1.324,0.0,0.894,0.583,0.188,0.24,0.0,Europe,1.483,75
Belgium,2017,81.305,19.8,11.8,51320.0,0.94,0.99,0.94,0.92,0.96,0.92,6.923,1.356,0.0,0.986,0.473,0.16,0.21,0.0,Europe,1.504,75
Belgium,2016,81.139,19.8,11.8,49090.0,0.94,0.99,0.94,0.92,0.95,0.92,6.937,1.30782,1.28566,0.89667,0.5845,0.2225,0.2254,2.41484,Europe,0.0,77
Belgium,2015,80.969,19.8,11.7,46870.0,0.94,0.99,0.93,0.91,0.95,0.91,6.890999794,1.463780761,1.462312698,0.818091869,0.539770722,0.231503338,0.251343131,2.124210358,Europe,0.0,77
Belarus,2018,74.59,15.36,12.31,17038.53,0.84,0.85,0.78,0.82,0.82,0.82,5.483,1.039,0.0,0.7,0.307,0.101,0.154,0.0,Europe,1.498,44
Belarus,2017,74.34,15.5,12.3,17580.0,0.84,0.86,0.78,0.81,0.82,0.81,5.323,1.067,0.0,0.789,0.235,0.094,0.142,0.0,Europe,1.465,44
Belarus,2016,74.031,15.5,12.3,19280.0,0.83,0.86,0.79,0.81,0.83,0.81,5.813,1.03192,1.23289,0.73608,0.37938,0.11046,0.1909,2.1309,Europe,0.0,40
Belarus,2015,73.652,15.5,12.2,19260.0,0.83,0.86,0.79,0.81,0.82,0.81,5.568999767,1.15655756,1.444945216,0.637714267,0.295400262,0.155137509,0.156313822,1.723232985,Europe,0.0,32
Bangladesh,2018,72.32,11.2,6.06,4057.25,0.8,0.54,0.56,0.61,0.62,0.61,4.5,0.532,0.0,0.579,0.58,0.153,0.144,0.0,Asia,0.85,26
Bangladesh,2017,72.052,11.4,5.8,4340.0,0.8,0.54,0.57,0.61,0.63,0.61,4.456,0.562,0.0,0.723,0.527,0.166,0.143,0.0,Asia,0.928,28
Bangladesh,2016,71.785,11.4,5.2,4070.0,0.8,0.52,0.56,0.6,0.62,0.6,4.694,0.39753,0.43106,0.60164,0.4082,0.21222,0.12569,2.51767,Asia,0.0,26
Bangladesh,2015,71.514,11.3,5.2,3790.0,0.79,0.52,0.55,0.59,0.61,0.59,4.607999802,0.586682975,0.735131741,0.533241034,0.478356659,0.172255352,0.123717859,1.978736162,Asia,0.0,25
Bahrain,2018,77.16,15.26,9.41,40399.12,0.88,0.77,0.91,0.84,0.85,0.84,6.105,1.338,0.0,0.698,0.594,0.243,0.123,0.0,Asia,1.366,36
Bahrain,2017,77.032,16.0,9.4,44980.0,0.88,0.79,0.92,0.84,0.86,0.85,6.199,1.362,0.0,0.871,0.536,0.255,0.11,0.0,Asia,1.368,36
Bahrain,2016,76.899,16.0,9.4,41860.0,0.88,0.79,0.91,0.84,0.86,0.85,5.96,1.32376,1.21624,0.74716,0.45492,0.17362,0.306,1.73797,Asia,0.0,43
Bahrain,2015,76.762,14.8,9.3,42760.0,0.87,0.75,0.92,0.83,0.84,0.83,6.086999893,1.488412261,1.323110461,0.653133035,0.536746919,0.172668487,0.25704217,1.656149387,Asia,0.0,51
Azerbaijan,2018,72.86,12.4,10.48,15240.14,0.81,0.7,0.76,0.75,0.76,0.75,5.201,1.024,0.0,0.603,0.43,0.031,0.176,0.0,Asia,1.161,25
Azerbaijan,2017,72.693,12.7,10.7,13510.0,0.81,0.72,0.74,0.75,0.76,0.76,5.208,1.043,0.0,0.769,0.351,0.035,0.182,0.0,Asia,1.147,31
Azerbaijan,2016,72.493,12.7,10.7,14920.0,0.81,0.72,0.76,0.75,0.76,0.76,5.212,1.02389,0.93793,0.64045,0.3703,0.07799,0.16065,2.00073,Asia,0.0,30
Azerbaijan,2015,72.266,12.7,10.7,15020.0,0.8,0.72,0.76,0.75,0.76,0.76,5.234000206,1.153601766,1.152400255,0.540775776,0.398155838,0.04526934,0.180987507,1.762481689,Asia,0.0,29
Austria,2018,81.43,16.29,12.56,46230.57,0.95,0.89,0.93,0.91,0.92,0.91,7.139,1.341,0.0,0.891,0.617,0.242,0.224,0.0,Europe,1.504,76
Austria,2017,81.34,16.1,12.1,54150.0,0.94,0.87,0.95,0.91,0.92,0.91,7.246,1.376,0.0,1.016,0.532,0.244,0.226,0.0,Europe,1.475,75
Austria,2016,81.258,16.1,12.1,52630.0,0.94,0.87,0.95,0.91,0.92,0.91,7.2,1.33723,1.29704,0.89042,0.62433,0.33088,0.18676,2.5332,Europe,0.0,75
Austria,2015,81.182,15.9,12.1,49390.0,0.94,0.87,0.94,0.91,0.91,0.9,7.006000042,1.487097263,1.459944963,0.815328419,0.56776619,0.316472322,0.221060365,2.138506413,Europe,0.0,76
Australia,2018,83.28,22.1,12.68,44097.02,0.97,1.09,0.92,0.94,0.99,0.94,7.272,1.34,0.0,0.91,0.647,0.361,0.302,0.0,Australia,1.573,77
Australia,2017,83.122,22.9,12.9,47580.0,0.97,1.0,0.93,0.94,0.97,0.94,7.228,1.372,0.0,1.036,0.557,0.332,0.29,0.0,Australia,1.548,77
Australia,2016,82.959,22.9,12.9,46230.0,0.97,1.0,0.93,0.94,0.96,0.94,7.284,1.33358,1.30923,0.93156,0.65124,0.43562,0.35637,2.26646,Australia,0.0,79
Australia,2015,82.794,23.3,12.8,45330.0,0.97,1.0,0.92,0.93,0.96,0.94,7.28399992,1.484414935,1.510041952,0.843886793,0.601607382,0.47769925,0.30118373,2.065210819,Australia,0.0,79
Armenia,2018,74.95,13.17,11.79,9277.23,0.85,0.77,0.68,0.76,0.76,0.76,4.321,0.816,0.0,0.666,0.26,0.077,0.028,0.0,Asia,0.99,35
Armenia,2017,74.797,13.0,11.7,12540.0,0.84,0.76,0.73,0.76,0.78,0.76,4.559,0.85,0.0,0.815,0.283,0.095,0.064,0.0,Asia,1.055,35
Armenia,2016,74.64,13.0,11.7,13160.0,0.84,0.76,0.74,0.75,0.78,0.75,4.35,0.76821,0.77711,0.7299,0.19847,0.07855,0.039,1.75873,Asia,0.0,33
Armenia,2015,74.467,13.0,11.6,12490.0,0.84,0.76,0.73,0.75,0.77,0.75,4.375999928,0.900596738,1.007483721,0.637524426,0.198303267,0.083488092,0.026674422,1.521499157,Asia,0.0,35
Argentina,2018,76.52,17.64,10.56,17611.22,0.87,0.88,0.78,0.83,0.84,0.83,6.388,1.073,0.0,0.744,0.57,0.062,0.054,0.0,South America,1.468,40
Argentina,2017,76.372,17.4,9.9,22960.0,0.87,0.86,0.82,0.83,0.85,0.83,6.086,1.092,0.0,0.881,0.471,0.066,0.05,0.0,South America,1.432,39
Argentina,2016,76.221,17.4,9.9,19710.0,0.86,0.86,0.8,0.83,0.84,0.82,6.574,1.05351,1.24823,0.78723,0.44974,0.11451,0.08484,2.836,South America,0.0,36
Argentina,2015,76.068,17.4,9.8,19650.0,0.86,0.85,0.8,0.83,0.84,0.82,6.598999977,1.185295463,1.440451145,0.695137084,0.494519204,0.109457061,0.059739888,2.614005327,South America,0.0,32
Algeria,2018,76.69,14.72,7.99,13639.43,0.87,0.71,0.74,0.76,0.77,0.76,5.295,0.979,0.0,0.687,0.077,0.055,0.135,0.0,Africa,1.154,35
Algeria,2017,76.499,14.4,8.0,11370.0,0.87,0.7,0.72,0.76,0.76,0.75,5.211,1.002,0.0,0.785,0.086,0.073,0.114,0.0,Africa,1.16,33
Algeria,2016,76.298,14.3,8.0,11520.0,0.87,0.7,0.72,0.76,0.76,0.75,5.605,0.93929,1.07772,0.61766,0.28579,0.07822,0.17383,2.43209,Africa,0.0,34
Algeria,2015,76.09,14.3,7.9,11700.0,0.86,0.7,0.72,0.75,0.76,0.75,5.872000217,1.091864467,1.146217465,0.617584646,0.233335808,0.069436647,0.14609611,2.567603827,Africa,0.0,36
Albania,2018,78.46,15.23,10.05,12299.8,0.9,0.79,0.73,0.79,0.8,0.79,4.586,0.916,0.0,0.79,0.419,0.149,0.032,0.0,Europe,0.817,36
Albania,2017,78.333,14.8,10.0,13130.0,0.9,0.77,0.74,0.79,0.8,0.79,4.719,0.947,0.0,0.874,0.383,0.178,0.027,0.0,Europe,0.848,38
Albania,2016,78.194,14.8,10.0,12270.0,0.9,0.77,0.73,0.79,0.79,0.78,4.959,0.87867,0.80434,0.81325,0.35733,0.14272,0.06413,1.89894,Europe,0.0,39
Albania,2015,78.025,14.8,9.7,11800.0,0.89,0.76,0.72,0.79,0.79,0.78,4.644000053,0.996192753,0.803685248,0.731159747,0.381498635,0.201312944,0.039864216,1.490441561,Europe,0.0,36
Afghanistan,2018,64.49,10.14,3.93,1745.67,0.68,0.45,0.43,0.5,0.51,0.5,3.632,0.332,0.0,0.255,0.085,0.191,0.036,0.0,Asia,0.537,16
Afghanistan,2017,64.13,10.4,3.8,2210.0,0.68,0.45,0.47,0.49,0.52,0.5,3.203,0.35,0.0,0.361,0.0,0.158,0.025,0.0,Asia,0.517,15
Afghanistan,2016,63.763,10.4,3.6,2140.0,0.67,0.45,0.46,0.49,0.52,0.49,3.575,0.31982,0.30285,0.30335,0.23414,0.3651,0.09719,1.9521,Asia,0.0,15
Afghanistan,2015,63.377,10.4,3.6,2110.0,0.67,0.45,0.46,0.49,0.52,0.49,3.79399991,0.401477218,0.581543326,0.180746779,0.10617952,0.311870933,0.06115783,2.150801182,Asia,0.0,11
